,group_lab_name
"Istat EG7, Arterial",1309776
CBC with Differential,474952
Chem 10,358828
"Istat EG7,Venous",358366
"Metabolic Panel, Comprehensive",343529
Renal Function Panel,333090
"Istat CG4, Arterial",295955
Glucose PCX Meter,189242
Manual Differential/Slide Review,152041
CBC,126451
Red Blood Cells,118160
CBC with Diff,115273
"Blood Gases, Venous",107337
"Blood Gases, Arterial",64351
Urinalysis With Microscopic,63948
Prothrombin Time,60651
"Magnesium, Ser/Plas",52360
"Istat CG4, Venous",50535
"iSTAT CG8, Arterial",48087
MRSA Screen,35057
Part Thromboplastin Time,34910
Platelets,32155
Hepatic Function Panel,31767
Fresh Frozen Plasma,31423
Manual Differential,26291
Fibrinogen,26223
"Metabolic Panel, Basic",24778
"Phosphorus, Ser/Plas",24064
Respiratory Virus PCR Panel,20406
Slide Review,19008
Antibody Screen,17681
Transfusion Svc Prod 1,17510
"Amino Acids, Plasma",16973
Thromboelastograph Clot Profile,16272
Blood Culture,16103
Respiratory Pathogen PCR Panel,15191
C Reactive Protein,14810
EKG 12-Lead,14254
"Blood Gases, Capillary",14069
Urinalysis Macroscopic Only,13616
Chem 23,13613
"Triglyceride, Ser/Plas",13364
Glucose By Meter,12890
"Sodium, Ser/Plas",12250
"Vancomycin Level, Trough",11673
"Tacrolimus Level, FK506",10606
"Cell Count, CSF",10447
Acylcarnitine Profile Quant,10425
Urine Culture,10326
ABO Rh Typing,9885
Cryoprecipitate,9839
Heparin Activity Level,8954
Procalcitonin,8378
Transplant Therapy Monitoring,7742
CBC with Diff and Slide Review,7697
"Istat EG7, Other",7603
Respiratory Culture/GS,7461
"Differential, CSF",7038
Gamma Glutamyl Trans,6939
"Ammonia, Plasma",6777
Newborn Screen,6692
"Bilirubin Total, Ser/Plas",5932
"Urinalysis Screen, Culture if Positive",5638
Blood Culture (Aerobic & Anaerobic Bottles),5428
"Bilirubin Direct, Ser/Plas",5244
"LDH Total, Ser/Plas",5185
"T Subsets and B Lymphs, BLD",5030
Gastroenteritis PCR Panel,4805
Transfusion Svc Prod 2,4670
"Istat EG7, Post Oxy",4641
Lactic Acid Level,4612
"Reticulocyte Count, Automated",4611
Methemoglobin Level,4610
Circuit Ionized Calcium,4543
CSF Culture/GS --,4407
Theophylline Level,4328
"Istat CG4, Post Oxy",4290
"IgG, Screening",4019
"ACT, Istat Kaolin Venous",3980
HSV DNA PCR Qual,3891
"Drugs of Abuse Screen, Urine",3780
"Uric Acid, Ser/Plas",3688
"LMW Heparin, AntiXA",3396
"ACT, Istat Kaolin Other",3388
Anaerobic Culture,3207
"C1q, Screening",3185
HLA Typing,3159
Blood Type Verification,3134
"TEG, Perioperative",2995
Blood Culture --,2914
"CMV DNA PCR Quant, Plasma",2739
"C1q, DSA",2723
"Calcium Ionized, Whole Blood",2617
Procainamide Level and Napa,2604
HLA-IgG DSA,2592
"iSTAT CG8, Venous",2552
"Cell Count, Body FLD",2543
NT proBNP,2515
Phenobarbital Level,2450
"Albumin, Ser/Plas",2404
Anti-Platelet Therapy Response Assessment (Multiplate Method),2397
Lidocaine Level,2310
"Differential, Body FLD",2302
"Epstein Barr PCR Quant, Plasma",2188
Lipase Ser/Plas,2172
Fluid Culture/GS,2167
"Istat EG7, Circuit",2127
"Glucose, CSF",2117
"Protein Total, CSF",2116
DIC Panel,2108
"Creatine Kinase, Total",2036
Hematocrit,1964
"Vitamin D 25 Hydroxy, Serum",1934
"ACT, Istat Kaolin Circuit",1888
Troponin I,1874
ABO/RH,1864
"Istat EC3, Arterial",1831
Phenytoin Level,1748
Type and Screen,1733
Carnitine Level Free and Total,1702
Fungus Culture,1699
Antithrombin III Level,1662
"Fatty Acid Profile, Essential",1648
TSH,1633
Rituxan Panel,1627
"Electrolyte Panel, UR w/ Creat",1594
Free T4,1563
Transfusion Svc Prod 3,1528
"Sodium, Urine Random w/Creat",1497
Cyclosporine Level,1494
"Istat EG7, Mixed Venous",1485
"Occult bld, Guaiac Diag",1398
"IgG, Serum",1394
"Cell Count and Diff, CSF --Tube #3",1369
D Dimer,1359
"Osmolality, Serum",1356
"Cortisol, Serum",1336
Gram Stain,1312
Transfusion Svc Prod 4,1301
Epstein Barr AB Panel,1296
"Istat CG4, Other",1292
"Differential, BAL",1273
Ferritin Level,1264
"Amylase, Ser/Plas",1214
"Amino Acids, Urine",1207
Platelet Count,1138
Transferrin Saturation,1130
Auto B Flow Crossmatch,1124
"Organic Acids, Urine",1118
"ACT, Istat Kaolin Arterial",1114
Auto T Flow Crossmatch,1112
"Potassium, Ser/Plas",1090
Respiratory Culture,1084
Adenovirus Real Time PCR Quant,1070
Quantiferon Test Latent TB,1066
Electrolyte Panel,1046
PHENobarbital Level,1024
"Creatinine, Ser/Plas",1019
Bilirubin Total & Fractions,1003
Allo T Flow Crossmatch,988
HLA ALLO B FLOW CROSSMATCH,987
Airborne Allergy Screen,947
Prealbumin,929
B Cell Phenotyping Profile,911
"ESR, Sedimentation Rate Panel",906
Hepatitis B Surf AB Quant,903
"Osmolality, Urine",892
AFB Culture Nonsterile,889
Transfusion Svc Prod 5,875
"Urea Nitrogen, Ser/Plas",857
HLA Meds/Sensitizing Event Communication (No Blood Draw),854
"CMV DNA PCR Qual, Non Plasma",851
"ACT, ISTAT",836
AFB Culture Sterile,836
Creatine Kinase and CKMB,823
Mycophenolic Acid Level,787
"Vancomycin Level, Post Dose",785
"Cell Count and Diff, FLD",783
"Gentamicin Level, Post Dose",783
"Pregnancy Test, Urine",770
Factor V Leiden,757
Transfusion Svc Prod 6,756
"Gentamicin Level, Pre Dose",737
Blood Culture --Central catheter,732
Valproic Acid Level,732
"C Diff Toxin B, Qual Real Time PCR",731
Aspergillus Galactomannan,726
Prothrombin 20210A,725
"T Cell Phenotyping, Advanced",725
"Calcium Ionized, Ser/Plas",722
STR Chimerism,695
Hepatitis B Surf Ag,685
"Blood Gases, Circuit",680
Wound Culture,677
"Cell Count and Diff, CSF --Tube not numbered",670
"Zinc, Ser/Plas",665
Biopsy/Tissue with Gram Stain,664
Specific Gravity,657
"Selenium, Ser/Plas",652
Sirolimus Level,621
"Cell Count and Diff, CSF",618
KOH Prep,617
"Copper, Serum",602
"Amino Acids, CSF",596
Human Herpes Virus 6 Quantitative PCR,588
Meconium Screen w/ Reflex to Confirm,580
Specimen Remark,542
Meningitis/Encephalitis PCR Panel,542
"ACT, Istat Kaolin Mixed Venous",542
HIV Antigen/Antibody Screen,541
Specific ANA Panel,535
"Vancomycin Level, Unspecified",533
Reverse to Coombs A Cells,525
Lupus Anticoagulant,516
"Protein Urine Random, w/Creat",515
Unlisted Lab,507
Dilute Russell Viper Venom w/Reflex,480
Mint Green Top,473
Transfusion Svc Prod 7,469
Cystatin C with Estimated GFR,462
Anticardiolipin Ab,459
Celiac Disease Screen,455
Hepatitis C AB IgG,450
"Enterovirus RNA, Qual",447
Lavender Top,445
CMV IgG,428
"Lactate, WB",425
Atrial Electrocardiogram,418
Haptoglobin,405
Hemoglobin,399
Immunoglobulin Panel,398
Beta 2 Glycoprotein 1,396
Transfusion Svc Prod 8,393
HAV Antibody IgG,393
cycloSPORINE Level,390
Hepatitis B Core AB Total,383
"Fat Stain, Stool",378
"TRIGLYCERIDES, FLUID",375
Blood Culture (2 Aerobic Bottles),373
Platelet Mapping,366
Save CSF in Lab,363
Beta Hydroxybutyrate,347
Parathyroid Hormone,344
C1q Monitoring,340
"Tobramycin Level, Post Dose",337
"Pathologist Review, Peripheral Smear",331
"Glucose Nonfasting, Ser/Plas",324
Transfusion Svc Prod 9,323
Hemoglobin A1c,321
Wound Culture/GS,320
Direct Antiglobulin (Broad Spectrum),315
"M Tuberculosis, PCR",314
"ALT, Ser/Plas",303
"Calcium, Ser/Plas",298
EBV DNA PCR Qual,297
HIV 1 RNA PCR Quant,295
"Cholesterol Total, Ser/Plas",294
"AST, Ser/Plas",294
Antibody Identification,294
"Istat EC3, Venous",292
Transfusion Svc Prod 10,288
"Sodium, Urine Random w/o Creat",284
"HSV DNA PCR Qual, Non Lesion",284
HLA ALLO B CDC CROSSMATCH,281
HLA Typing Solid Organ Eval Recipient,280
Lipid Panel with Direct LDL,276
S pneumoniae Ab IgG (23 Serotypes),276
Hepatitis Acute Panel,275
Flow Cytometry Order,275
CSF Culture/GS --Tube #2,272
"IgA, Serum",270
Acetaminophen Level,269
"IgM, Serum",269
Toxoplasma IgM and IgG,268
Reverse to Coombs B Cells,267
HLA ALLO T CDC CROSSMATCH,264
Diagnostic Hepatitis B Panel,261
CMV IgM,260
Cystic Fibrosis Respiratory Culture,259
Hepatitis A AB IgM,258
Alkaline Phosphatase Total Ser/Plas,254
"Glucose Fasting, Ser/Plas",252
Pneumocystis Stain,252
"Urea,Urine Random,w/Creat",248
"Protein Total, FLD",248
"LDH Total, FLD",242
Factor VIII Assay,242
Anti Nuclear AB,242
Bordetella Pertussis PCR,241
"Tobramycin Level, Random",241
"Istat CG4, Mixed Venous",238
HLA Transplant Event Communication,234
VZV IgG IgM Panel,234
Legionella Culture,233
Lipid Panel w/ Calculated LDL,232
"Reducing Subst, Stool",227
Bacterial ID by Sequencing,226
"Homocysteine Total, Plasma",224
Enterovirus Panel II,221
VZV DNA PCR Qual,219
IgG Monitoring,219
Pyruvic Acid,219
Isohemaglutinin Titer,218
CSF Protein & Immunofix Electrophoresis,218
"Flow Cytometry T Cell Development, Blood",216
Levetiracetam Level,211
Reference Report,210
"Enterovirus PCR, CSF",209
HLA Antibody Screening (One Time),207
"Calcium Urine, Random w/Creat",207
"iSTAT CG8, Other",206
Herpes Simplex Virus IGG Panel,197
Phosphatidylserine/prothrombin Antibodies,196
"Alpha Feto Protein, Serum",195
"Cell Count and Diff, CSF --Tube #1",193
"Complement C3, Serum",193
"Complement C4, Serum",192
"pH, Stool",192
Anti Phospholipid Ab Panel,191
levETIRAcetam Level,190
Blue Top,190
BK Virus PCR Quant,185
Carbohydrate Def Transferrin,184
Long Chain Fatty Acids,183
"Fungal Culture, Blood",182
"Glucose, FLD",181
Anti DsDNA Antibody,181
Volatile Screen,177
Stool Culture,176
"G6PD, Quantitative",171
"iSTAT CG8, Mix Venous",168
Creatin Kinase and CKMB,166
Unlisted Chemistry Lab Order,162
Salicylate Level,159
Varicella Zoster AB IgG,159
HLA DSA Screening-No Desensitiz/No IVIG,156
Transfusion Svc Prod 11,153
Syphilis Treponemal Screen,152
Protein S Activity,150
"Adenovirus DNA, QL PCR",149
pH Gastric,149
RPR,148
"Coxsackie A AB, Serum",146
"Amikacin Level, Post Dose",146
"Cryptococcal Antigen Lateral Flow, Blood",144
Von Willebrand Antigen,141
AB Screen,140
Gold Top,137
"Acylglycines Quant, Urine",136
"Coxsackie B AB, Serum",135
Urinalysis Screen/Culture,134
Fungal ID by Sequencing,133
Measles IgG,133
Transfusion Reaction Workup,133
Paraneoplastic Autoantibody Eval Serum,132
Protein C Activity,132
HLA Summaries,130
"Pregnancy Test, Serum",129
"Hepatitis B DNA, PCR Quant",128
Blood Culture --Arterial line,127
"iSTAT CG8, Circuit",126
"Vitamin B12, Ser/Plas",126
"Istat CG4, Circuit",126
"Creatinine, Urine Random",124
CSF Culture/GS,121
Fungus Culture/ KOH,121
"Parvovirus B19 Ab, IgG and IgM",119
Toxoplasma IgG Ab,119
Thiocyanate Level,119
"Urea Nitrogen, Urine Random",119
Methylmalonic Acid Level,119
"Antithrombin Antigen, Plasma",119
HLA Wait List Status Change,118
"Occult Blood, Gastric",118
"Histoplasma AG, Serum",115
"AFB Culture, Non - Respiratory",115
"Throat Strep Screen, PCR",114
"Cell Count and Diff, CSF --Tube #2",114
DAT C3 and Gamma,114
Food Allergy Screen,114
Reptilase Time,113
Hepatitis B Core AB IgM,113
"Blood Culture, Aero 2",113
"Potassium Urine Random, w/Creat",112
"Chlamydia/GC, NAAT",111
Voriconazole Level,110
"Iron, Total",108
"Flow Cytometry for Leukemia/Lymphoma, BLD",108
HLA Workup at Time of Transplant,107
"Vitamin A, Ser/Plas",107
"Triglycerides, Pleural",106
HHV 6 DNA PCR Qual,105
S Pneumoniae Ab IgG (Prevnar 13),104
"Cryptococcal Antigen Lateral Flow, CSF",104
Herpes Simplex Virus Ab Panel,104
Fungus Cult/KOH,103
"CD3, BLD",102
"Cocci ID, Serum",102
"Protein C AG, Total",101
Heparin Induced Thrombocytopenia Panel,101
Human Insulin Antibody,100
HLA Desensitiz/DSA Monitoring-Post IVIG,99
M Pneumoniae DNA,98
Blood Culture --Peripheral,97
Unlisted Genetic Test:,96
Lab Only Fluid Container,96
Hemoglobin Quant / Fract,95
Beta HCG Quant,94
HLA Desensitiz/DSA Monitoring-Pre IVIG,91
"Histoplasma Antibody, Serum",91
"Amikacin Level, Pre Dose",90
"Protein S AG, Total",90
"Encephalopathy, Autoimmune Evaluation",89
"Histoplasma AG, Urine",88
ICA 512 Antibody,87
Ova and Parasites,86
CMV IgG (Transfusion),86
"AFB Culture, Respiratory",85
Hepatitis C RNA PCR Quant,85
Red Cell Enzymes,84
"Vitamin E, Ser/Plas",84
Unlisted Genetic Test,84
HLA Deceased Donor Crossmatch/Testing,83
"HSV PCR Qual, Neonatal",82
Enterovirus PCR,81
"Creatinine, FLD",81
"Flow Cytometry for Leuk/Lymphoma, Misc",80
"VMA and HVA, Pediatric, Random Urine",80
"Albumin, FLD",77
Alpha 1 Antitrypsin Phenotype,77
"Parvovirus B19 Real Time PCR, Qual",77
Arbovirus AB Panel,77
Slide Held for Review,77
HLA Meds/Sensitizing Event Communication,76
Adamts 13 Profile,74
Fungitell B-D-Glucan Assay,74
Review by Pathologist,73
ANCA,72
"Complement, Total",72
"Tobramycin Level, Pre Dose",72
Antibody Titer,72
HLA Desensitiz/DSA Monitoring-No IVIG,72
Platelet Function Screen,71
"Amikacin Level, Random",71
Insulin Unspecified,70
"Chloride, Urine Random w/Creat",70
"IgE, Total",70
CSF Culture/GS --Tube not numbered,69
Cyanide Level,69
"Albumin, Urine Random, w/Creat",68
Transfusion Svc Prod 12,68
"Viral Culture, Stool/Rectal",67
Factor V Assay,67
Toxoplasma IgM Ab,67
"Fungal Culture,Blood",66
"Creatinine, Urine Timed",65
Factor VII Assay,65
"Istat EC4, Arterial",65
"Tryptase Level, Serum",65
Lithium Level,65
HLA STR/Chimerism WB,65
Folic Acid Level,64
AFB Culture Respiratory CF,64
Unlisted Lab:,64
"Glutathione, Whole Blood",64
"Lactic Acid, CSF",64
CSF Protein Immunofix Elect,64
Bartonella Species AB,63
"Alpha 1 Antitrypsin, Stool",62
West Nile Virus AB,62
CMV Rule Out,61
"T Subsets and B Lymphs, FLD",61
Free T3,61
"Amylase, Fluid",61
"Lyme Western Blot, Serum",60
Misc Viral Sendout,60
AFB Smear,60
17a-OH Progesterone,59
Soluble IL 2R,59
Methotrexate Level,59
"WBC for IBD, Stool",59
"Rotavirus Antigen, Stool",59
"Vitamin D, 1,25-Dihydroxy",58
"Purine and Pyrimidine Panel, Urine",57
"Hemoglobin, Free",57
"Mycoplasma Antibodies, IgG and IgM",56
Orthopedic Aerobic Cult w/GS,56
"West Nile Virus AB Panel,CSF",56
EBV NPC PCR Panel,55
"Ceruloplasmin, Serum",55
"PTH, Intact and Calcium",55
Anti Streptolysin O,55
"Meconium Scn w/reflex, Conf",54
LD Isoenzymes,54
Transfusion Svc Prod 13,54
Epstein Barr Viral Capsid AB IgM,54
"Hemoglobin, Plasma",54
"Viral Culture, Respiratory",54
Epstein Barr Nuclear Ag Ab,54
"Encephalopathy, Autoimmune Eval, CSF",54
Adrenocortictropic Hormone Level,53
POCT Gastric pH Test,53
"Drug Screen, Plasma",53
von Willebrand Factor Activity,52
"Potassium, Urine Random w/o Creat",52
Factor XIII Assay,52
"Confirmed Drug Abuse Survey, Urine",51
T3 Total,51
Lymph Mitogen and Antigen Scrn,51
"Urea Nitrogen, Urine Timed",51
"GAD-65, IA2, Insulin Auto-Ab",51
Strongyloides IgG AB,50
Rapid HIV 1/2 Antibody,50
HLA Deceased Donor O.R. Specimen,50
Unlisted Lab: Plasma thiosulfate send out  ARUP,49
HLA Desensitiz/AB Monitoring-Post IVIG,49
CFTR Diagnostic Sequencing,49
Digoxin Level,49
GAD AB,48
OR LPCH Stat Gram Stain,48
HSV / VZV PCR Qual,48
Unlisted Lab: plasma thiosulfate,47
"Phosphate, Urine Random w/Creat",47
Mycoplasma Culture Resp,47
"ACT, Istat Kaolin Post Oxy",46
Lacosamide Level,46
Hold Clot,46
Transfusion Svc Prod 14,46
Unlisted Cytogenetics Lab Order,46
"Rheumatoid Factor, Serum",46
"Magnesium, Urine Random w/Creat",45
IgG Subclasses,45
Citrate Excretion Urine Random,45
Factor IX Assay,44
Follicle Stimulating Hormone,44
Weak D Typing,43
Luteinizing Hormone Level,43
Toxoplasma PCR,43
Prolactin Level,43
Paraneoplastic Autoantibody Eval CSF,43
"Cell Count and Diff, CSF --Tube #4",42
PPD Reading,42
Flecainide Level,42
Valproic Acid Level Free and Total,42
"Metanephrines, Fract Free, Plas",42
"Bicarbonate, Urine",41
C Peptide,41
TIBC,41
"Gentamicin Level, Random",41
PTT Inhibitor Screen,40
Pediatric EKG Rhythm Strip,40
Neutrophil Function Oxidative Burst,40
Orthopedic Anaerobic Culture,40
"Metanephrines Fract, Urine Random",40
Thrombin Time,40
Lead Level,40
HLA Specimen in Lab Orders - Recipient,40
Myeloperoxidase Ab,39
"Protein Total, Ser/Plas",39
ANA IFA Screen with Reflex to Titer and Pattern,39
"Uric Acid Urine Random, w/Creat",39
Von Willebrand Multimers,38
"Vitamin A and Vitamin E, Ser/Plas",38
"Parvovirus B19 DNA, Quant",38
"Electrolyte Panel, UR",38
Miscellaneous Processing,37
Fibrin Degradation Products,37
"1 25 Dihydroxyvitamin D, Serum (Adult)",37
"VZV DNA PCR Qual, Non Lesion",37
"C Reactive Protein, High Sensitive",36
Comp Hepatitis Panel,36
"Toxoplasma DNA PCR, Qualitative",36
Anti TPO Antibody,36
"Oligoclonal Banding, CSF",35
Biotinidase Level,35
IgF Binding Protein-3,35
HLA Auto Flow Crossmatch,34
"pH, Pleural Fluid",34
Proteinase 3 Antibody,34
Kidney Stone Analysis,34
"Fecal Fat, Quant",34
Transfusion Svc Prod 15,34
"Hepatitis E Antibody, IgM",34
Von Willebrand Factor Activity,34
Cocci ID with Reflex to CF (Initial Diagnosis),33
"Benzodiazepine Confirmation, Urine",33
Growth Hormone,33
"Urea Nitrogen, FLD",33
pH Stool,33
Epstein Barr Viral Capsid Ag IgG Ab,33
Genital Culture,32
"Aldosterone, Serum",32
"Opiate Confirmation, Urine",32
HLA Desensitiz/AB Monitoring-No IVIG,32
Unlisted Lab: Invitae Arrhythmia and Cardiomyopathy Comprehensive Panel,32
"Vitamin B6, Total Plas",31
Unlisted Lab: Aspergillus PCR,31
"Protein, Urine Timed",31
"Orotic Acid, Urine",31
Unlisted Lab: Liver Cytosol Auto-Ab-1,31
HLA Desensitiz/AB Monitoring-Pre IVIG,30
Echovirus Ab,30
Catecholamine Fractionation Free,30
"AFB Culture, BLD",30
"Sodium, FLD",29
Free Light Chains Ratio,29
Serum Protein Immunofix  Elect,29
"Cortisol Level, Post Op",29
"Aldolase, Serum",29
Factor II Assay,29
Transfusion Svc Prod 16,29
"Elastase, Stool",29
Phenytoin Level Total and Free,28
Beta Strep Throat Screen,28
Unlisted Lab: HSV-1 and HSV-2 quantitative PCR to be sent to Focus Labs per Pediatric ID Team,28
Calprotectin,28
IGF Binding Protein-3,28
Anti GAD 65 Antibody,28
Transfusion Svc Prod 17,28
Gastroenteritis Workup,27
IgG Subclass 4,27
"Lipase, Fld",27
Heparin (HIT) Function Assay,27
pH by Meter,27
Factor XI Assay,27
TSH Reflex FT4,27
"Culture, Virus",26
APC Resistance Profile,26
"Vitamin C, Plasma",26
"Phosphorus, Urine Random w/o Creat",26
Prader Willi Syndrome,26
Anti Thyroglobulin Ab,26
"Potassium, WB",25
"Bilirubin Total, FLD",25
Anti Ro Antibody,25
"Supersaturation Profile, 24 Hour Urine",25
"Amino Acids, Blood Spot",25
"Beta 2 Microglobulin, Serum",25
Tetanus Titer,25
"Viral Culture, Tissue",24
Ureaplasma PCR,24
Clozapine Level,24
Smooth Muscle AB,24
Alpha 1 Antitrypsin,24
"Oxalate Pediatric, Random Urine",24
POCT Urine Pregnancy,24
Unlisted Lab: PJP PCR,24
Infectious Mono Screen,24
IVIG In Vitro Inhibition,24
CEA,24
Ictotest,24
"Chloride, Urine Random w/o Creat",24
"Differential, Synovial Fluid",23
"Renin Activity, Plasma (Adult)",23
"Cell Count, Syn FLD",23
Topiramate Level,23
"Bartonella DNA, Qual PCR",23
Bronchopulm Asperg Screen,23
"Creatinine Clearance, Urine",22
Cholesterol HDL/Tot,22
"Calcium Urine, Random w/o Creat",22
Creatinine Clearance,22
Anti-DNase B Titer,22
Wound Deep Surg Asp GS,22
Flow Cytometry B Cell Phenotyping,22
"Metanephrines, Urine Timed",22
IMM Neutrophil Cyto Ab Reflex Pan,22
Green Top,21
Transfusion Svc Prod 18,21
Unlisted Coagulation Lab Order,21
Heparin Platelet Factor 4 AB,21
"Electrolyte and Osmolality PNL, Feces",21
CSF Culture/GS --Tube #1,21
Pro predict TPMT,20
"AFP, CSF",20
"Nucleic Acid Isolation, DNA",20
"Cell Count and Diff, Syn FLD",20
Factor X Assay,20
ANCA IBD w/Reflex,20
"Amphetamine Confirmation, Urine",20
lamoTRIgine Level,20
"Diphtheria/Tetanus AB, IGG",20
HLA Typing Summary,19
Adenovirus AG,19
Angiotensin Convert Enz Level,19
HLA STR/CHIMERISM (Bone Marrow),19
Brucella Antibodies,18
Ristocetin Co-Factor,18
Isolator Fungus,18
"Triglycerides, (Non Pleural)",18
EKG 12 Lead High V1/V2,18
PTH Related Protein,18
Anti La Antibody,18
"Drug Screen, Prescrip/OTC",18
Thiamin (Vitamin B1) Level,18
"Oxalate, Timed Urine",18
Transfusion Svc Prod 20,18
Transfusion Svc Prod 19,18
"HSV 1/2 PCR, Non CSF",18
Blood Culture Catheter,18
"HCG Beta-Subunit QN, CSF",18
"GBM Antibody, IgG",18
"Fecal Lipids, Total",18
HLA Typing Add On Locus -Recip(Lab Req),18
Unlisted Molecular Diagnosis Lab Order,17
Specimen Processing,17
"Protein S, Free",17
"Vitamin K1, Ser",17
Mitogens and Tetanus Lymphocyte Proliferation,17
"Helicob Ag, Stool",17
IgA Anti TTG,17
Blood Culture Peripheral,17
Transfusion Svc Prod 21,17
Transfusion Svc Prod 22,17
"Folate, RBC",17
"Sodium, Urine Timed",17
"Creatine, Ser/Plas",17
"Testosterone, Total/Free Pedi",17
Insulin-Like Growth Factor 1,16
Protein C and S Total Combined,16
Malaria Prep and Antigen Screen,16
Lyme Disease Ab IgG IgM w/relex,16
Rubella IgG Antibody,16
Epstein Barr Virus Early Ag (RD) IgG,16
Mono Screen w/Reflex EBV Antibody,16
Haemophilus Influ IgG,16
Unlisted Lab: mayo autoimmune encephalitis panel,16
HCG Tumor Marker,16
Liv Kid Microsome Ab,16
Unlisted Genetic Test: Custom gene panel with Prevention Genetics with reflex to whole exome sequencing if negative.,16
"Cocci CF AB, Serum",16
Unlisted Lab: Send out molecular test to Hematologics for CBFA2T3-GLIS2 quant PCR - 2ml sodium heparin green top tube (requisition to be dropped off in send-out lab),16
Coxiella Burnetii AB,16
Unlisted Lab: Pleximmune,16
Unlisted Lab: Invitae Primary Immunodeficiency Panel,16
HLA Crossmatch Summary,16
"Cholesterol, Fluid",16
Miscellaneous Special Coagulation,16
"Cocci ID, CSF",15
Oxcarbazepine Metabolite Level,15
Zonisamide Level,15
Platelet Aggregation,15
Isospora Cyclospora,15
Pro predict Enzact,15
Cryptosporidium EIA,15
"LYME DISEASE AB (IgG, IgM)",14
Unlisted Lab: atypical HUS genetic panel,14
"Myoblobin, Urine",14
Unlisted Lab: Beta 2 Glucan,14
Donor Hepatitis B Surf Antigen,14
NK Function,14
Unlisted Lab: acyclovir level,14
OXcarbazepine Metabolite Level,14
Unlisted Lab: Glycine,14
Welcome to Packard Children's Hospital,14
Unlisted Lab: clobazam level,14
Hemochromatosis Genotyping Analysis,14
"Borrelia Burgdorferi Panel, CSF",14
"Unlisted Lab: 1,3 beta D glucan",14
Apolipoprotein A1,14
"Glucose, Urine Random w/o Creat",14
"iSTAT CG8, Post-Ox",14
PENTobarbital Level,14
"Carnitine, Urine",14
Amiodarone Level,14
Diphtheria Titer,13
"HIV 1 DNA PCR, Qual",13
"Crystal Analysis, Syn FLD",13
PT Inhibitor Screen,13
"BCR-ABL, BLD",13
HTLV AB I & II,13
HLA Request for Summary Info. Recipient,13
"Liver, Kid Microsome 1 Ab, IgG",12
"Viral Culture, Ocular",12
"Soluble Liver Ag Ab, IgG",12
"Allergy Screen, Molds",12
Neuron Spec Enolase,12
HLA SCT Evaluation Recipient,12
Mitogen Induced Lymph Prolifer.,12
Unlisted Hematology Lab Order,12
"West Nile Virus RNA, RT PCR",12
Natural Killer Cells,12
Adenosine Deaminase,12
"Oligosaccharides TLC, Urine",12
Massive Transfusion Guideline,12
Posaconazole Level,12
Growth Hormone Level (RIA),12
"Myoglobin Screen, Urine",12
Unlisted Immunology Lab Order,11
"Vitamin B1, Ser/Plas",11
Transfusion Svc Prod 26,11
Transfusion Svc Prod 27,11
Cystic Fibrosis Mutations Study,11
Transfusion Svc Prod 24,11
RBC Phenotyping,11
HIV Type 1 and Type 2 Antibody,11
"Mitochondrial Ab M2, Serum",11
"Copper, Urine",11
"Hematocrit, Fluid",11
"Ribosome P Ab, IgG, Serum",11
Cancer Antigen 19-9,11
Transfusion Svc Prod 23,11
"Fatty Acids, Free",11
Thyroxine Total,11
Transfusion Svc Prod 25,11
"Calcium, Urine Timed",11
Transfusion Svc Prod 28,11
Urine Protein Immunofix Elect,11
"Polio AB, Neutralization",10
Mumps Antibody IgG,10
Transfusion Svc Prod 29,10
Ethosuximide Level,10
"Chloride, Ser/Plas",10
"Potassium, FLD",10
Streptococcal Ab Profile,10
"Viral Culture, Fluid",10
"Pediatric Testosterone, Total",10
Aspergillus Ab Precipitins,10
"Bile Acids, Fractionated and Total",10
"T3 Reverse, LC/MS/MS",10
"Phospholipids, Serum",10
"N Methyl D Aspartate Receptor Ab, IgG",10
Anti Dnase B Titer,10
Rickettsia AB Pnl w/Reflex Titer,10
Sweat Chloride,10
Cancer Antigen 125,10
POCT Urine Dipstick (10),10
"17-OH Progesterone, Neonatal",10
"Legionella Antigen, Urine",9
"Magnesium, Urine Random w/o Creat",9
"BK Virus PCR Quant, Plasma",9
HLA Prospective Crossmatch Testing,9
"Mucopolysaccharides TLC, Urine",9
"Renin Activity, Plasma",9
Stat Gram Stain,9
G6PD Screen,9
POCT Urine Dipstick (9),9
"Occult bld, Gastric",9
"Allergy Screen, Nuts",9
Tricyclic Antidepressant ID Level,9
Phosphatidylserine Ab Panel,9
Chlamydia Ab Panel,9
"Heavy Metals Screen, BLD",9
Sulfonylurea Hypoglycemics Panel,9
"Lactoferrin, Fecal",9
"Cortisol Free, Serum",9
Von Willebrand Scn,9
Helminthic Ova and Larvae,9
Cold Panel Screen,9
Giardia Screen,9
Insulin Like Growth Factor 1,9
Measles Rapid Culture,9
Unlisted Genetic Test: Hereditary Cancer Panel,8
Unlisted Lab: Urine Blastomycosis send out to Mira Vista,8
GQ1B AB,8
"Unlisted Lab: Cocci antigen, CSF",8
Unlisted Lab: Onfi (Clobazam) trough,8
Unlisted Lab: cocci antigen from csf,8
Unlisted Genetic Test: Invitae Comprehensive Cardiomyopathy Panel,8
Fluconazole Level,8
Unlisted Genetic Test: Pompe disease testing sendout to Duke University,8
Unlisted Lab: TPO & Thyroglobulin anitbody. Unlisted test codes: 0050105 & 0050075 please send arup,8
"Unlisted Genetic Test: RNA sequencing, please use MNG kit. Send to Medical Neurogenetics sendout lab",8
Unlisted Genetic Test: Send out SNP array to Baylor laboratories,8
Unlisted Lab: Mycoplasma PCR,8
Unlisted Lab: SCb5-9 complement (send to CCHMC),8
"ANA by IFA, IgG",8
Unlisted Lab: anti-GBM IgG Multiplex Bead Assay (Elisa + IFA); sendout to ARUP,8
Unlisted Lab: granzyme,8
Unlisted Lab: MNG send out labs,8
"Unlisted Lab: Methylmalonic Acid Level, Urine",8
Unlisted Lab: Rubella IgM,8
"Unlisted Genetic Test: Trio Whole Exome Sequencing, sendout to Baylor Laboratories",8
Unlisted Lab: Cocci antigen from urine,8
Unlisted Lab: Serum Biotin Level,8
Unlisted Genetic Test: Mito NGS to be sent via send out to Baylor with full paper requisition,8
Unlisted Genetic Test: Molecular Testing,8
Unlisted Genetic Test: Send out to University of Chicago Genetic Services Laboratories. Test: MS-MLPA FOR PRADER-WILLI SYNDROME. Send with paper requisition sheet.,8
"Unlisted Lab: SCID immunophenotyping panel, Neonatal, flow cytometry",8
Unlisted Genetic Test: Invitae arrhythmia and cardiomyopathy comprehensive panel.,8
Unlisted Genetic Test: aHUS genetic panel to Machaon Diagnostics,8
Unlisted Lab: Cocci antigen from blood,8
"Unlisted Genetic Test: Sendout to Invitae. Test: Comprehensive Neuromuscular Disorders Panel, send with paper requisition form.",8
Unlisted Lab: Helicobacter pylori culture in brucella broth. Tissue: stomach/antrum,8
Unlisted Lab: SEND OUT to Mayo: TCR spectratyping (see paper form),8
Unlisted Lab: HLH panel send-out to Cincinnati Children's,8
Unlisted Lab: Serum Autoimmune Encephalopathy Evaluation Panel to Mayo Clinic. Test code #: ENS1,8
"Unlisted Lab: please send Pneumocystis jirovecii,Qualitative Real-Time PCR from sputum to Quest diagnostic, test code 18835",8
"Unlisted Genetic Test: Propionic Acidemia Testing, sendout to Prevention Genetics",8
Unlisted Lab: D-Lactate - Mayo Medical,8
Unlisted Lab: Invitae send out: autoinflammatory,8
"Nicotine and Metabolites Level, Urine",8
"Unlisted Genetic Test: SENDOUT to Rush University Medical Center: Congenital central hypoventilation Syndrome PHOX2B Gene Screening Test, Requisition in Media.",8
Unlisted Lab: Please send Coccidial Ag from urine to Miravista lab at Mayo,8
Unlisted Lab: serum oxalate,8
Unlisted Lab: Pneumocystis jirovecii PCR (not stain) from BAL sample 8/17,8
Unlisted Genetic Test: Comprehensive Diffuse Lung Disease NGS Panel (please follow instructions on attached requisition forms),8
Unlisted Genetic Test: Whole Exome Sequencing- send out to Baylor; Proband and Maternal,8
Unlisted Lab: MGN - Metabolic - CSF. Test ID: NC03,8
Unlisted Genetic Test: Baylor Global MAPS sendout.,8
Unlisted Lab: MGN - Metabolic - CSF. Test ID: NC05,8
Unlisted Lab: Adaptive Clonoseq B and T cell clonality from fresh bone marrow in EDTA,8
Unlisted Genetic Test: exome sequencing to Baylor,8
Unlisted Genetic Test: Invitae RANBP2 seq and del/dup,8
Unlisted Lab: Serum bile acid analysis to Cincinnati,8
Unlisted Lab: Neonatal Respiratory Distress NGS Panel to John Hopkins,8
Unlisted Lab: PCR for pneumocystis jirovecii,8
Unlisted Lab: Please draw blood in appropriate tube for Conoseq/Adaptive testing on 6/25/19. Please see paper requisition form for instructions,8
Unlisted Lab: ZnT8 (Zinc Transporter Antibody),8
Unlisted Genetic Test: NUD/CEP/TMPT panel. Send-out to Medical College of Wisconsin. Collect 2-4mL venous blood in EDTA.,8
Unlisted Lab: Urine succinylacetone,8
Unlisted Lab: Clobazam level (aka onfi level),8
Unlisted Lab: BALF,8
Unlisted Lab: Invitae Comprehensive Inherrited Arrhythmia and Cardiomyopathy Panel,8
Unlisted Lab: Coccidiodes antigen (MVista/Mayo) Sendout,8
Unlisted Lab: peritoneal fluid for alpha fetoprotein,8
Unlisted Lab: CSF Naegleria Fowleri,8
Unlisted Genetic Test: Invitae Multicancer panel (resending due to sample failure) Invitae #RQ978033,8
Unlisted Genetic Test: PCD Panel Invitae,8
Unlisted Lab: Histoplasmosis AB,8
Unlisted Lab: NMO/AQP4-IgG from CSF,8
Unlisted Lab: Zinc Transporter 8,8
Unlisted Microbiology/ Virology Test,8
"Unlisted Genetic Test: ""Chromosomal Microarray Analysis - CytoScan HD SNP Array 8650"" to Baylor Miraca Genetics Lab",8
Unlisted Lab: ENS1 send out to Mayo,8
"Unlisted Lab: ENC1 send out to Mayo, please use CSF from 12/4/17",8
Unlisted Lab: onfi level,8
Unlisted Genetic Test: Neonatal Cholestasis panel to Emory,8
"Unlisted Genetic Test: Connective tissue gene test (CTGT): Marfan's syndrome, Loeys-Dietz Syndrome, Familial Thoracic Aortic aneurysms and dissections, and related disorders NGS panel",8
Unlisted Genetic Test: SLC22A5 Comprehensive sequencing and el/dup for Carnitine Transporter Deficiency,8
"Unlisted Genetic Test: SENDOUT to Prevention Genetics: Currarino Syndrome via MNX1 Gene Sequencing with CNV Detection, Test Code: 9829, CPT; 81479,81479, Requisition faxed to Sendout Lab",8
Unlisted Genetic Test: whole exome sequencing,8
Unlisted Lab: MTHFR mutation analysis,8
Unlisted Genetic Test: send out to GeneDx STAT epilepsy panel please send 2-5 mL Blood - Lavender Top Tube,8
Unlisted Lab: Neonatal Cholestasis Sequencing Panel - NM340 - EGL Genetics,8
Unlisted Genetic Test: INVITAE epilepsy panel,8
Unlisted Lab: Invitae send out: HLH panel,8
Unlisted Lab: anti liver cytosol antibody,8
Unlisted Lab: Flow cytometry for perforin/granzyme,8
"Unlisted Genetic Test: send out genetic test- UPD15, send to Univ of Chicago; needs to be sent with parental samples and requisition form (Order 732718564)",8
"Adenovirus PCR, Stool",8
Unlisted Genetic Test: send out to Invitae- CHD7 gene sequencing; please send with requsition form which will be uploaded; 3 ml purple top tube,8
Unlisted Lab: Ehrlichia/Anaplasma sendout to Arup - Test code 2007862,8
Unlisted Lab: Invitae arrhythmia and cardiomyopathy panel,8
Unlisted Lab: cocci antigen please send to MiraVista,8
Unlisted Lab: sCD163,8
Unlisted Lab: add on to CSF from 12/16/17 - send out to Mayo labs test code: OLIGC (Mayo already has the sample),8
Unlisted Genetic Test: EGL Genetics Neonatal cholestasis genetic panel,8
Unlisted Lab: Parechovirus PCR Sent to Quest Code 70189X,8
Unlisted Lab: D-Lactate,8
Unlisted Lab: pleximmune,8
Unlisted Lab: Autoimmune encephalitis panel send out to Mayo.,8
Unlisted Genetic Test: invitae behind the seizure epilepsy panel RQ953453,8
Unlisted Genetic Test: InVitae behind the seizures free comprehensive epilepsy panel,8
"Unlisted Lab: znt8 antibody, send out to quest labs",8
"Unlisted Lab: ENC2 for CSF, send out to Mayo, add on to CSF sample already collected",8
"Unlisted Genetic Test: Send out lab: Critial Trio Whole Exome Sequencing #1722, Baylor Genetics",8
"Unlisted Lab: Invitae Arrhythmia and Cardiomyopathy Comprehensive Panel, Congenital Heart Defects, and Aortopathy Panels",8
Unlisted Lab: Karius send out lab. See test requisition form. Draw 4 mL of whole blood into a lavender top tube (K2-EDTA).,8
Unlisted Genetic Test: Invitae Primary Immunodeficiency Panel TEST CODE: 08100,8
Unlisted Genetic Test: Invitae Bone Marrow Failure Syndromes Panel TEST CODE: 05301,8
Unlisted Genetic Test: Comprehensive monogenic obesity panel at PreventionGenetics,8
Unlisted Lab: anti-GMCSF,8
Unlisted Lab: Invitae Aortopathy Comprehensive Panel - CODE 02301,8
Unlisted Lab: ARUP send out test code 0055233. Leptospirosis IGM,8
Unlisted Lab: ZNT8 (Zinc Transporter 8),8
Unlisted Genetic Test: Neonatal Diabetes Mellitus Sequencing Panel,8
Unlisted Genetic Test: Invitae Hereditary Panel,8
Unlisted Lab: Oklahoma medical research foundation clinical immunology laboratory,8
Unlisted Genetic Test: Whole Exome Sequencing to Baylor Genetics,8
Unlisted Lab: Urine GAG (glycosaminoglycans),8
Unlisted Lab: Clobazam (onfi) level,8
Unlisted Genetic Test: send out test to MNG labs. 3 ml in lavender top tube WES001,8
"Unlisted Lab: 0060158. ARUP send out, leptopsprisosis culture",8
Unlisted Genetic Test: send out to Invitae- HADHA and HADHB gene sequencing; send with requsition forms which are uploaded,8
Unlisted Lab: BNP Plasma,8
Unlisted Lab: Invitae Hypertrophic Cardiomyopathy Panel,8
Unlisted Lab: Collagen Type II antibody,8
"Unlisted Genetic Test: Custom gene panel at Prevention Genetics: Gene List: ACTG2, CHRM3",8
"Unlisted Genetic Test: Comprehensive diffuse lung disease NGS panel, John Hopkins",8
Unlisted Genetic Test: Invitae comprehensive epilepsy panel,8
Unlisted Lab: Mayo Sendout Autoimmune Encephalitis Panel Serum Test code: ENS1,8
Unlisted Lab: Aspergillus PCR QUEST send out,8
Unlisted Lab: Send out molecular test to Hematologics for CBFA2T3-GLIS2 quant PCR - 2ml EDTA (requisition to be provided),8
Unlisted Genetic Test: sendout to Prevention Genetics: PGXOME. Family test code 5000. Please send with maternal control specimen. lavedender top EDTA tube,8
Unlisted Lab: sc5b-9 level,8
Unlisted Lab: aGVHD Post-Treatment Algorithm to Viracor Eurofins,8
Unlisted Lab: Autoimmune encephalitis panel send out to Mayo Clinic,8
Unlisted Genetic Test: Comprehensive NGS and del/dup of the Col4A1 gene through CTGT lab.  CPT codes: 81408 x 1  81479 x 1,8
Unlisted Lab: ZnT8 antibody,8
Unlisted Genetic Test: Invitae Comprehensive Arrhythmia and Cardiomyopathy Panel,8
Unlisted Genetic Test: GDX infantile epilepsy panel,8
Unlisted Lab: Sendout Lab to ARUP - hyaluronic acid serum,8
Unlisted Genetic Test: Invitae Epilepsy Panel,8
Unlisted Lab: liver cytosol auto ab 1,8
Unlisted Genetic Test: aHUS Genetic Panel by Machaon Diagnostic,8
Unlisted Lab: Invitae Aortopathy Comprehensive Panel,8
Unlisted Lab: aspergillus pcr,8
CK Isoenzyme with Reflex,8
Unlisted Lab: QUEST SENDOUT. Leptospirosis PCR (1ml),8
Unlisted Lab: Pleximmune 5mL Na Heparin Tube,8
Unlisted Lab: PCD (Invitae),8
"Unlisted Genetic Test: Genetic testing for congenital HLH, sendout to Cincinnati",8
Unlisted Lab: atypical HUS genetic panel and CFH autoantibody,8
Unlisted Lab: MNG test code NC07,8
"Occult bld, Guaiac Colorectal Scn",8
Unlisted Lab: MRD/Post Therapy for AML to University of Washington,8
"Unlisted Lab: D-lactic acid, potassium oxalate grey top tube",8
Lamotrigine Level,8
Lab Unlisted,8
Unlisted Genetic Test: GeneDx sequencing: Limb abnormalities and reduction defects panel,8
Unlisted Lab: Labref1 - send urine drugs of abuse for confirmatory opiate testing.,8
"Unlisted Genetic Test: Urine HEX4 to Duke; CPT Codes: Urine: 82570, 83789",8
"Unlisted Genetic Test: Mucolipidosis II/II Plasma Screen, send to Greenwood Genetic Center",8
Unlisted Lab: please send blood for Plasma Cytokines as sendout  to Cincinnati Children's Diagnostic Lab,8
Unlisted Lab: isavuconazole trough,8
"Unlisted Lab: Soluble CD163 (sCD163), please send to Cincinnati",8
Unlisted Lab: Aspergillus PCR from whole blood,8
Unlisted Lab: TEST ID: ENCEC panel,8
Unlisted Lab: SLA - soluble liver antigen,8
Unlisted Lab: LC-1 (liver cytosolic antigen type 1),8
Unlisted Lab: Clobazam (ONFI) level,8
Unlisted Lab: vigabatrin level,8
Unlisted Lab: MNG test code NC08,8
Unlisted Genetic Test: Neonatal and Adult Cholestasis Panel Sequencing and Del/dup to Emory,8
"Unlisted Genetic Test: Cardiomyopathy panel, sendout to Invitae Genetics",8
Unlisted Lab: Sendout to Mayo Clinic ENS1 panel,8
Unlisted Genetic Test: KidneySeq Panel to be sent to U of Iowa with paper requisition,8
Unlisted Lab: send out to Kennedy Krieger Lab: 7-Dehydrocholesterol (7-DHC),8
Unlisted Lab: Serum Oxalate,8
"Plasma, Emergency Release",8
Unlisted Lab: 3 mL in EDTA - sent with Oncology requisition form,8
Unlisted Lab: Fulgent Pulmonary Hypertension Panel,8
Unlisted Lab: FK506 level,8
Unlisted Genetic Test: Invitae FoxP3 gene: 2mL EDTA.  Paperwork is at Bedside.  Contact Physician is Julia Chu,8
Unlisted Genetic Test: send out test familial variant testing to invitae,8
"Unlisted Lab: Clobazam level, FCLBZ (to Mayo)",8
Unlisted Lab: Methylenetetrahydrofolate Reductase,8
Prothrombin Fragment 1+2,8
Unlisted Lab: KARIUS TEST (Send Out),8
"Unlisted Lab: Cincinnati Childrens, CD107a Mobilization (NK Cell Degran)",8
Unlisted Lab: test code fpepa,8
Unlisted Lab: Clobazam level (send out),8
Unlisted Lab: Plexision- Pleximmune test,8
"Unlisted Lab: Pleximmune Test: 3-5ml whole blood, Na Green Top",8
"Unlisted Lab: Sendout lab to Mayo Clinic, ENC1 panel",8
Unlisted Lab: methylenetetrahydrofolate reductase (MTHFR) gene,8
"Unlisted Lab: ENC-1 sendout to Mayo,",8
Unlisted Lab: CSF Parvo B19,8
Unlisted Lab: Clobazam level,8
"Unlisted Genetic Test: SENDOUT to Rush University, PHOX2B Sequencing and Del/Dup, 3mL EDTA tube. Send with completed requisition left at bedside.",8
Unlisted Genetic Test: SENDOUT to Baylor Genetics: Whole exome sequencing with parental control specimens.,8
Unlisted Lab: add on to 10/15 sample: confirmatory testing (send-out) for acetaminophen level,8
Unlisted Lab: ENS-1 sendout to Mayo,8
Unlisted Genetic Test: send out test for glycosylation to Emory pg 22817,8
Unlisted Lab: pyruvic acid - CSF,8
Unlisted Lab: sendout to Baylor - metabolomics - CSF,8
Unlisted Genetic Test: send out lysosomal storage disease test to Greenwood genetics,8
"Unlisted Lab: Send out lab Metabolomics sendout to Baylor, Send on Ice",8
Unlisted Genetic Test: send out to Invitae- Apert syndrome testing; FGFR2 gene sequencing and del/dup; send which req. form which is uploaded,8
Dehydroepiandrosterone,8
Unlisted Lab: send out for PJP PCR,8
Unlisted Lab: Clobazam level on blood,8
Unlisted Genetic Test: invitae epilepsy panel,8
Unlisted Lab: ENC1 send-out to Mayo (autoimmune encephalitis panel),8
Unlisted Genetic Test: serum bile acids,8
"Unlisted Lab: T-Cell Subsets, Regulatory (Tregs) - MAYO lab Lavender (EDTA 3ml)",8
Unlisted Lab: Toxoplasma Infant Panel to sendout to PAMF Toxoplasma Serology Laboratory. 1mL in red top tube,8
Unlisted Lab: Urine bile acids to Cincinnati,8
Unlisted Lab: Liver cytosol autoantibody 1 (LC-1),8
Unlisted Genetic Test: Send out- Craniosynostosis panel to CTGT. Please send blood work with requsition form and attached clinical information.,8
"Trichomonas vaginalis,Â NAAT",8
Unlisted Lab: PJP PCR send out,8
Unlisted Genetic Test: Anophthalmia/Microphthalmia Panel plus Custom Panel with reflex to Whole Exome Sequencing by Prevention Genetics,8
Unlisted Genetic Test: send out test to invitae,8
Unlisted Lab: MGN - Metabolic - CSF. Test ID: NC08,8
"Unlisted Lab: Mayo Send out - inborn errors of metabolism, serum Pipecolic acid",8
Unlisted Lab: Cocci antigen from CSF MIRAVISTA,8
Unlisted Lab: Send-out to Mayo: 24 hour urine N-methyl histamine,8
Unlisted Lab: Send-out to Mayo: 24 hour urine 11-beta prostaglandin F2a,8
"Unlisted Lab: arbovirus Ab panel, IgG, IgM IFA. CPT 86651, 86652, 96653, 86654",8
Unlisted Lab: Zinc transporter 8 antibodies (Znt8),8
"Unlisted Lab: Pompe disease enzyme test (alpha-glucosidase, acid maltase)",8
Unlisted Genetic Test: Invitae Cardiomyopathy Comprehensive Panel,8
Hgb Quant/Fract HPLC,8
"Unlisted Lab: NAME: FOXP3. 3cc EDTA. Must be sent as whole blood, room temp, same day or next day shipping to Cincinatti. Results of CBCd from today must be sent with the requisition form. Please see requisition form that is being sent to lab with...",8
Neutrophil and HLA Antibody Screen,8
"Unlisted Genetic Test: SENDOUT to CTGT Lab: Test Name: Spondyloepimetaphyseal dysplasias NGS & Del/Dup, Test Code: 5187",8
Unlisted Lab: MGN - Metabolic - CSF. Test ID: NC04,8
"Unlisted Genetic Test: SDHA Gene Sequencing, Send out to Prevention Genetics",8
Unlisted Lab: Urine reducing substances,8
"Uric Acid, Urine Random w/o Creat",8
Unlisted Lab: Sendout to quest: leptospirosis urine PCR,8
Unlisted Genetic Test: Charcot-Marie-Tooth genetic testing. Send-out to Invitae. Test code 03201. Collect 3mL venous blood in EDTA.,8
Unlisted Genetic Test: Sendout test to Invitae; 1.5 mL in lavender top tube,8
Unlisted Genetic Test: Factor 8 sequence analysis,8
Unlisted Genetic Test: SENDOUT to Rush University Medical Center: Congenital Central Hypoventilation Syndrome PHOX2B Gene Screening Test,8
Unlisted Lab: Invitae Cardiomyopathy Panel,8
Unlisted Genetic Test: Invitae Dilated Cardiomyopathy Panel,8
Unlisted Genetic Test: Neonatal Respiratory Distress NGS Panel,8
Unlisted Lab: Zinc Transporter Antibody (ZnT8),8
Unlisted Lab: Pneumocystic Jirovecii by PCR. Please send to ARUP Laboratories Test Code 2006254,8
Unlisted Lab: Cincinnati perforin granzyme B,8
"Unlisted Lab: Mayo autoimmune encephalitis panel, CSF. Test code ENC1.",8
Unlisted Genetic Test: Invitae Congenital Heart Disease/Heterotaxy Panel & Primary Ciliary Dyskinesia Panel,8
Unlisted Genetic Test: TRIO whole exome sequencing.,8
"Unlisted Lab: Cincinnati Childrens, Lympocyte Subsets (1-3mL EDTA)",8
Unlisted Lab: Flow for leukemia/lymphoma,8
Unlisted Lab: MNG test code NC05,8
Unlisted Lab: TCR V Beta Spectra Typing - Mayo sendout,8
Unlisted Lab: Alkaline Phoshatase in CSF.  ARUP,8
Unlisted Lab: MNG test code NC01,8
Unlisted Lab: Miravista lab: coccidioides in urine,8
Unlisted Lab: Aspergillus PCR (QUEST Sendout),8
Unlisted Genetic Test: Custom Panel to Prevention Genetics,8
Unlisted Genetic Test: Sendout: EGL Genetics Neonatal and Adult Cholestasis Panel - MM340,8
Unlisted Lab: Hemoglobinopathy lab test,8
"Beta 2 Microglobulin, Urine",8
Unlisted Lab: Arbovirus Ab PCR (Send out to MAYO ARBOP),8
Unlisted Lab: Oncology send-out lab,8
Unlisted Genetic Test: MACHION: Atypical HUS panel,8
Unlisted Genetic Test: mtDNA analysis,8
Unlisted Lab: Paraechovirus PCR,8
Unlisted Lab: MNG - Metabolic - CSF. Test ID: NC01,8
Unlisted Lab: Invitae send out test,8
Unlisted Lab: MNG test code NC04,8
Unlisted Lab: Histoplasma PCR from BAL washing,8
Unlisted Lab: Zinc transporter antibody (ZnT8),8
"Unlisted Lab: Cincinnati Childrens, Perforin/Granzyme B (1-3mL EDTA)",8
Unlisted Genetic Test: Invitae Hypertrophic Cardiomyopathy Panel,8
"Unlisted Genetic Test: SENDOUT to Rush Medical, Congenital Central Hypoventilation Syndrome PHOX2B test.",8
Unlisted Genetic Test: Alstrom Syndrome testing to Prevention Genetics,8
Unlisted Genetic Test: Congenital Choanal Atresia,8
Unlisted Genetic Test: Machaon Diagnostics aHUS Genetic Panel,8
Unlisted Lab: send out to Mayo Clinic from CSF for ENC1 panel (autoimmune encephalopathy panel)  -- STAT,8
Unlisted Lab: Anti ZnT8 anitbody for diabetes,8
Unlisted Lab: ENC1 Send out lab to Mayo Clinic,8
APT Test for Fetal Hgb,8
Microsporidium Screen,8
"Unlisted Genetic Test: Heterotaxy, Situs Inversus and Kartagener's Syndrome Sequencing Panel (Sendout to Prevention Genetics)",8
Unlisted Genetic Test: SENDOUT to Invitae: PR04161.04 Invitae Noonan Syndrome Panel,8
Unlisted Genetic Test: Phenylbutyrate metabolite analysis; send out 2mL green top,8
"Unlisted Genetic Test: SENDOUT to Baylor Genetics: Trio Whole Exome, with parental controls. Signed requisition/consent at bedside.",8
Unlisted Lab: Urine glycolate,8
Unlisted Genetic Test: Send out to prevention genetics: primary hyperoxaluria sequencing panel,8
"Unlisted Lab: cocci antigen, send to miravista",8
Unlisted Lab: send out to invtae VHL sequencing,8
NMO/AQP4-IgG CBA,8
Unlisted Lab: aspergillus PCR from BAL,8
Unlisted Lab: Please send comprehensive cardiomyopathy panel to In Vitae with paper requisition,8
Unlisted Genetic Test: Cincinnati Bile Acid Synthesis Disorders,8
"Unlisted Genetic Test: Urine Hex4, Gluc4",7
Unlisted Lab: leptospira PCR. Send-out Quest CPT 87798,7
"Unlisted Lab: send out to viracor IBT, (1,3)beta-d-glucan, test code 1700, red top tube, 1ml",7
Unlisted Lab: TLREC and MSMD flow cytometry lab send out to Medical College of Wisconsin,7
Unlisted Lab: 3mL in EDTA purple top. Surfactant Panel.,7
Unlisted Lab: moleculera cunningham panel (2 red tops),7
"Unlisted Lab: NKX2-1 sequence, reflex to MLPA",7
"Unlisted Lab: Send histoplasma quantitative EIA urine to MiraVista, Test code 310, at least 0.5 mL",7
Unlisted Lab: Stool Adenovirus,7
Unlisted Lab: Surfactant Panel,7
Unlisted Lab: Ureaplasma Culture - code 871 to Focus Diagnostics,7
Unlisted Lab: Dual Genome Panel by Massively Parallel Sequencing. Please send to Baylor.,7
Unlisted Lab: 4 specimens to be collected and sent to CA Dept of Public Health,7
Zinc Transporter 8 Antibody,7
Unlisted Lab: ARUP 0090055 Clonazepam,7
"Unlisted Genetic Test: Hyperammonemia panel (665, 684) with reflex to whole exome with mtDNA if negative, send to Gene Dx with paper requsition scanned into media section of chart.",7
Unlisted Lab: aHUS Genetic Panel - sendout,7
"Unlisted Lab: Osteogenesis imperfecta type VII, CRTAP",7
Unlisted Lab: Invitae Arrhythmia Panel (send out test),7
HLA SCT Confirmatory Recipient,7
Unlisted Lab: CHD& sequencing and del/dup (test codes 130 and 600) to be sent to Prevention Genetics. Send with paper requisition. (Requisition is uploaded to media section of chart),7
Unlisted Lab: Please send epilepsy comprehensive panel to GENE Dx diagnostic experts. 2-5 mL Blood - Lavender Top Tube.,7
"Unlisted Lab: Draw 3cc, lav EDTA-Whole, Blood, min 1.5cc",7
Unlisted Lab: Send-out lab to Mayo. Urine Reducing Substances. Code: CHOU.,7
Unlisted Lab: Adenovirus real time PCR quant from liver biopsy tissue,7
Strongyloides Culture,7
"Unlisted Lab: Please send CSF Aspergillus DNA, Qualitative Real-Time PCR to focus diagnostics",7
Unlisted Lab: Unlisted Lab: Adaptive/ClonoSEQ,7
"Unlisted Lab: Rickettsia Antibody Panel with Reflex to Titers (Order code 12050R), Gold-top gel tube or Red-top tube (Plain) no additive,",7
Unlisted Lab: ARUP 51463 (Familial Dysautonomia test - IKBKAP),7
Unlisted Lab: Genetic testing,7
Blood Parasite Exam (not malaria),7
Unlisted Lab: Invitae Comprehensive Cardiomyopathy Panel,7
Unlisted Lab: ATM sequencing/ATM deletion/duplication,7
Unlisted Lab: Gene DX #694 Comprehensive Cardiomyopathy Panel,7
Unlisted Lab: Osteogenesis imperfecta NGS panel to CTGT,7
Unlisted Lab: Atypical HUS functional testing (not genetic): Serum factor H,7
"Unlisted Lab: ENCES Serum, red top tube",7
Unlisted Lab: Pyruvate analysis (MET 11),7
"Unlisted Lab: Choreoathetosis, hypothyrodism, RDS (NKX2-1 sequence reflex to MLPA",7
Methylene THF Reductase,7
Unlisted Lab: Invitae Congenital Heart Disease Panel,7
Unlisted Lab: Enterovirus PCR,7
Unlisted Lab: Autoimmune Encephalitis Panel (Test ID ENCEC) send out to Mayo Clinic (requires 4mL CSF),7
Unlisted Lab: Neurotransmitter Metabolites (GABA NT) - Medical Neurogenetics in Atlanta,7
Unlisted Lab: MDA 5 level,7
Unlisted Lab: Alprazolam level,7
Unlisted Lab: Send out Tuberous Sclerosis Complex (NGS) and Deletion/Duplication Panel,7
"Electrolyte and Osmolatity PNL,Feces",7
Unlisted Lab: Acylovir level after dialysis,7
"Unlisted Lab: acyclovir level, collect in red lavander edta, at least 1mL",7
Unlisted Lab: random urine iodine level,7
Thyroglobulin Level,7
"Unlisted Genetic Test: GALT 9 mutations, test number 0051176; send to ARUP labs. 1-3 ml in Lavender top EDTA tube.",7
Unlisted Lab: MYH9 genetic testing send out.  5 cc in a lavender top.,7
Unlisted Lab: CSF neurotransmitters,7
"Unlisted Lab: ARUP 2007479 Pain Management High-Resolution Hybrid Drug Test Panel, Urine",7
Unlisted Lab: jaundice chip,7
Unlisted Lab: (ZNT8) Zinc Transporter Antibody,7
"Unlisted Lab: 1,3 beta D glucan assay CPT code: 84311 Test code: 55310 Send to Quest Diagnostics",7
Unlisted Lab: Eculizumab trough level (Sendout to Cincinnatti Children's). May be drawn with morning labs,7
Unlisted Lab: POLG Comprehensive - Sequence and Deletion / Duplication Analysis (send out to Medical Genetics Laboratories at Baylor College of Medicine),7
"Unlisted Lab: WHOLE EXOME SEQUENCING, TRIO with MITOCHONDRIAL SEQUENCING, PLEASE SEND TO BAYLOR MIRACA LABS",7
"Unlisted Lab: 1, 3 b D glucan",7
Unlisted Lab: Unlisted Lab: CPT4 81005. Urine reducing substances,7
Unlisted Lab: La Crosse Encephalitis,7
Unlisted Lab: Send out study: Gene Dx : XomeDxPlus test,7
"Unlisted Lab: Mayo Send out - inborn errors of metabolism, urine Pipecolic acid",7
Unlisted Lab: FOXF1 gene analysis to Baylor,7
Unlisted Lab: confirm +TCA test,7
Unlisted Lab: AE Panel CSF. Please send to Mayo Clinic.,7
Unlisted Lab: National Jewish Center C4a,7
Unlisted Lab: Succinyladenosine - Medical Neurogenetics in Atlanta,7
Unlisted Lab: 3 ml lavendar top tube.  NKX-2 sequence; reflex to MLPA.  Send to DNA diagnostic lab at John Hopkins,7
Unlisted Lab: MTHFRG.  Methylenetetrahydrofolate reductase gene mutation test,7
Unlisted Lab: Aspergillus serum PCR,7
Unlisted Lab: Lysosomal and Peroxisomal Storage Disorders Screen,7
Unlisted Lab: MET 23: Creatinine & Guanidinoacetate,7
"Glucose Urine Random, w/Creat",7
Unlisted Lab: please collect 2- 4  mLand put on ice; send out to baylor cretine/guanidinoacetate,7
Unlisted Lab: (w next lab draw) please send 2 mls in purple top EDTA tube to send out for In Vitae aortopathy panel. Paper req will be faxed to send out.,7
Unlisted Lab: Noonan Spectrum/Rasopathies NextGen Sequencing Panel,7
Neuron Antibody,7
Unlisted Lab: Atypical HUS functional testing (not genetic): serum factor B,7
Unlisted Lab: Atypical HUS functional testing (not genetic): C5b-9 level (membrane complement complex),7
Unlisted Lab: Atypical HUS functional testing (not genetic): CD46 flow cytometry,7
Unlisted Lab: please draw 2-5ml venou blood into one EDTA tube (lavendar top) for send out to Prevention Genetics,7
Norovirus Antigen,7
Unlisted Lab: National Jewish Ceneter C3a,7
Unlisted Lab: Please send coccidioidomycosis antigen testing from the urine to MiraVista lab,7
Unlisted Lab: Emory Cholestasis Panel,7
Unlisted Lab: west nile PCR,7
Unlisted Lab: Send-out labs:,7
Unlisted Lab: Enerovirus/parechovirus RNA PCR. Send out lab to quest diagnostic (Test code 70189x),7
Unlisted Lab: Ribosome P IgG (CSF),7
Unlisted Lab: Antineuronal AB (CSF),7
Unlisted Lab: ASS1 gene sequencing to Prevention Genetics.  Paper work needs to go with specimen,7
Unlisted Lab: Paraechovirus PCR (sendout to FOCUS labs 48990) from CSF,7
Unlisted Lab: COL7A1 gene sequencing. sendout test; please send with paper requisition to GeneDx,7
Alpha Thalassemia PCR,7
Unlisted Lab: CTGT EFEMP2,7
Unlisted Lab: CTGT fibulin5,7
"Unlisted Lab: send out to viracor IBT, test code 1700, (1,3) beta-d-glucan, 1-2 mL CSF in sterile screw top tube",7
"Unlisted Lab: Atypical pneumonia send out to focus labs, send out 4360, requires at least 0.3 ml",7
Unlisted Lab: St. Louis Encephalitis,7
"Unlisted Lab: Atypical HUS Genetic Panel. Please send to Machaon Diagnostics INC, 3023 Summit St, Ste 199, Oakland, Ca 94609, phone 510 839 5600.",7
Unlisted Lab: Pyridoxal 5'-phosphate - Medical Neurogenetics in Atlanta,7
Unlisted Lab: NKX2-1 sequence- send out to Johns Hopkins,7
Unlisted Lab: Can draw with next blood draw or whenever most appropriate. please send 1-2 ml in purple top edta tube to send out with requisition for whole exome sequencing and array to be sent to baylor genetics.,7
Unlisted Lab: Glutaric and 3-hydroxyglutaric acids,7
Unlisted Lab: C1q serum,7
Unlisted Lab: Reducing Substances,7
"Unlisted Lab: atypical HUS, send 3 ml in EDTA tube",7
Unlisted Lab: Please send cocci antigen to MiraVista Labs from CSF fluid,7
Unlisted Lab: Enterovirus quantitative PCR,7
Unlisted Lab: MSMD,7
Unlisted Lab: urine antigen coccidioidomycosis - send out to Mira Vista lab,7
"Unlisted Lab: anti-C1q Antibody, IgG, sent to ARUP lab",7
Unlisted Lab: 3ml in purple top for CYP11B1 sequence analysis to be sent to Baylor - requisition faxed to send out lab,7
Unlisted Lab: Parechovirus Ab Panel,7
Unlisted Lab: Please send out CSF to ARUP labs for Txoplasma gondii by PCR Test code 0055591,7
"Unlisted Lab: send out to viracor IBT, test code 1700, (1,3) beta-d-glucan, 1 mL red top tube)",7
Unlisted Lab: send for listeria from CSF,7
Unlisted Lab: Send for influenza B,7
"Unlisted Lab: Please send comprehensive epilepsy panel to GeneDx, requisition provided",7
Unlisted Lab: Send out lab to Baylor for acid lipase deficiency,7
ABO Discrepancy,7
"Unlisted Lab: acyclovir level, collect in red lavendar edta, at least 1ml",7
Unlisted Lab: Congenital Abnormalities of the Kidney and Urinary Tract (CAKUT) NextGen Sequencing Panel and Deletion/Duplication Panel,7
Unlisted Lab: Rickettsia rickettsii -- test for rocky mountain spotted fever,7
Unlisted Lab: Newborn toxoplasma AB panel; please send out to PAMF,7
"Unlisted Lab: Beta 1,3 D glucan",7
Unlisted Lab: Eculizumab trough level (Sendout to Cincinnatti Children's),7
Unlisted Lab: HSV quantitative PCR please see ref code 43220,7
Unlisted Lab: (1-3) - Beta - D - Glucan,7
"Unlisted Lab: Surfactant panel, purple top EDTAs, 2ml of blood.  Send out to AmbryGenetics.",7
"Histone Ab, IgG",7
Unlisted Lab: California Encephalitis Panel,7
Unlisted Lab: Urine indicans. Send-out test.,7
Unlisted Lab: balamuthia pcr,7
Unlisted Lab: plasma thiosulfte,7
Unlisted Lab: Congentital Hyperinsulinism NextGen Sequencing (NGS) Panel,7
Unlisted Lab: Mayo Autoimmune Encephalitis Panel,7
Unlisted Lab: Surfactant protein B,7
Unlisted Lab: Mayo Clinic sendout: Autoimmune encephalitis panel,7
Unlisted Lab: Aspergillus PCR from blood,7
"Unlisted Lab: Please pool all of leftover CSF from 7/25 in one tube and send to Mayo Clinic for test code ""ENCEC""",7
Unlisted Genetic Test: GeneDx infantile epilepsy panel,7
Unlisted Lab: Send out California Neuroscience Surveillence testing/Dept of Health; SALIVA IN STERILE CUP,7
Unlisted Lab: Jaundice chip,7
"Unlisted Lab: 1, 3 beta glucan",7
Anti RNP Antibody,7
"Unlisted Lab: ALLMS1 gene sequencing, ALMS1 deletion/duplication",7
"Unlisted Lab: 2-3 mL in purple top tube (NaEDTA) for sendout testing - MLPA of SHANK3, Requisition will be sent to send out desk in Stanford Lab - CGC Genetics via UMDNJ",7
Unlisted Lab: send out influenza study on spinal CSF to focus diagnostics - test code 60585,7
Unlisted Lab: NMO antibody. Test ID NMOCC. CPT code 86255. Send out to Mayo Clinic.,7
Unlisted Lab: Virology: CSF CMV PCR quantitative.,7
"Unlisted Lab: Please send Pneumocystis jiroveci, molecular detection, PCR from BAL sample 1 ml in a sterile container to mayo medical laboratroies. Test ID PNRP",7
Unlisted Lab: balamuthia PCR,7
Unlisted Lab: GALACTOSE-1-PHOSPHATE URIDYLYLTRANSFERASE ACTIVITY,7
Unlisted Lab: Western Equine Encephalitis,7
Unlisted Lab: Coccidioidomycosis urine antigen to Miravista lab,7
"Unlisted Lab: Send out for 1,3 beta D glucan",7
Unlisted Lab: ZnT8 (Zntransporter) auto-antibody,7
Unlisted Lab: Gene Dx Comprehensive Mitochondrial Nuclear Gene Panel,7
Unlisted Lab: CSF for JC virus,7
Unlisted Lab: Send out california neuroscience surveillence testing/dept of health; NP/THROAT SWAB IN VIRAL MEDIA,7
"Unlisted Lab: Parechovirus PCR, send out to ARUP, test code 2005733 (add on to CSF from 07/25/16)",7
"Unlisted Lab: Send out to ARUP, test code 2005685, Japanese encephalitis virus antibody, collect in serum separator tube",7
"Unlisted Lab: HHV-6 IgG, IgM",7
Unlisted Lab: Beta D Glucan,7
Unlisted Lab: Two Serum Red Top tubes to be sent to California Neuroscience Surveillence and Testing Lab/Dept of Health,7
Unlisted Lab: Please obtain sendout lab to Cincinatti Children's for CYB5R3 sequencing,7
Unlisted Lab: INVITAE PRIMARY IMMUNODEFICIENCY PANEL,7
Unlisted Lab: per lab,7
Unlisted Lab: Sendout lab: ZnT8 transporter,7
Unlisted Lab: Methylenetetrahydrofolate Reductase Mutations (MTHFR),7
"Unlisted Lab: SLC19A3 Gene sequencing, deletion and duplication. Please send to prevention genetics.",7
Unlisted Lab: Very long chain fatty acid.,7
Unlisted Lab: ID: CHOU,7
Unlisted Lab: Please send aspergillus PCR from the blood to focus diagnostics,7
Unlisted Lab: Gene Dx Epilepsy panel,7
Unlisted Lab: C6 Peptide (related to Lyme disease),7
"Histoplasma Antigen, CSF",7
Unlisted Lab: ChildLab RT-PCR for Ph like B-ALL,7
Unlisted Lab: MET 19: Creatinien & Guanidinoacetate,7
"Unlisted Lab: 5-methyltetrahydrofolate, neurotransmitter metabolites (5HIAA, HVA, 3OMD), pyridoxal 5'-phosphate, succinyladenosine, alpha-aminoadipic semialdehyde",7
Unlisted Lab: Zinc transporter (ZnT8) Antibody,7
Unlisted Lab: Interleukin 18,7
"Red Blood Cells, Emergency Release",7
"Unlisted Lab: Measles IgM and IgG, CSF, send out lab to Mayo, TEST ID: ROC",7
Rapid HIV Antigen/Antibody,7
Unlisted Lab: NMO/AQP4 on CSF,7
Unlisted Lab: MTHFR,7
Unlisted Lab: Proband Whole Exome Sequencing Test code 1500,7
"Unlisted Lab: ENCEC - Encephalopathy, Autoimmune Evaluation, Spinal Fluid",7
Unlisted Lab: 120 gene panel test to Invitae,7
"Unlisted Lab: ENCES - Encephalopathy, Autoimmune Evaluation, Serum",7
Unlisted Lab: pneumocystis jerovecii pneumonia PCR,7
"Myasthenia Gravis Evaluation, Adult",7
Unlisted Lab: aspergillus PCR,7
Transfusion Svc Prod 30,7
Unlisted Lab: CSF Fluid: Measles IgG and IgM - Please send to Mayo Clinic,7
Unlisted Lab: Rett/Angelman Syndrome Sequencing Panel send out to University of Chicago. 3-10ml in purple top EDTA tube,7
"Unlisted Lab: 1,3 beta glucan",7
Unlisted Lab: histoplasma antibody CSF,7
Unlisted Lab: Whole Exome Sequencing,7
Unlisted Lab: please collect 2-4 mL for sulfocysteine determincation and put on ice. store in freezer until Baylor collection,7
"Unlisted Lab: please collect lav EDTA whole blood, min 1.5ml for send out lab. Thank you.",7
Unlisted Lab: D-lactate,7
"Unlisted Lab: Congenital Myasthenia Panel, test number 1323, send to Prevention Genetics with paper requisition form",7
Unlisted Lab: CCDC39 Deletion/Duplication Testing,7
Unlisted Lab: Invitae Comprehensive Arrhythmia and cardiomyopathy panel,7
Unlisted Lab: Please collect 2-5mL in lavender top tube for send out to Gene Dx for Infantile Epilepsy Panel,7
Unlisted Lab: ARUP 0090181 Lorazepam,7
Unlisted Lab: HH6TYP University of Washington - HHV6 subtyping,7
Unlisted Lab: CGD: 1434 CYBB sequencing,7
"Unlisted Genetic Test: please draw 5 mL in a red top tube whole blood. send out to prevention genetics, do not freeze. ship at room temp.",7
Unlisted Lab: Infantile Epilepsy Panel,7
Unlisted Lab: Atypical Pneumonia Panel Qualitative PCR. Send out to Focus labs: 4360,7
Unlisted Lab: CSF autoimmune encephalitis panel - sendout to Mayo clinic,7
Unlisted Genetic Test: 5mL of blood in purple top EDTA tube HOLD IN LAB UNTIL GENETICS PROVIDES FORMS.,7
17 Alpha Hydroxyprogesterone,7
"Chloride, FLD",7
Unlisted Genetic Test: Comprehensive arrhythmia and cardiomyopathy panel,7
Unlisted Lab: please send out CSF for encephalitis panel (send out to Mayo Clinic),7
"Fungus Culture Skin, Nail",7
Unlisted Lab: Jaundice Chip Resequencing Array (Cinncinati Children's),7
Unlisted Lab: ENS1 send-out to Mayo (autoimmune encephalitis panel),7
Unlisted Lab: Proband whole exome sequencing-Reflex to Comprehensive mtDNA Analysis by Massively Parallel Sequencing (MitoNGSSM,7
"Mucopolysaccharides Quant, Urine",7
Unlisted Lab: urine reducing substances,7
Unlisted Lab: urine succinylacetone,7
Unlisted Lab: rocky mountain spotted fever titers,7
"Unlisted Lab: Please sent 1,3 beta D glucan from the blood",7
Unlisted Genetic Test: lavender top draw of 5-6ml for GeneDx send out epilepsy panel being ordered by neurology team,7
Direct LDL Cholesterol,7
Unlisted Lab: Whole exome sequencing,7
Unlisted Lab: Random Urine Calcium to Mayo: CARC1,7
"Cell Count, Apheresis FLD",7
Unlisted Genetic Test: 5ml in purple-top tube,7
"Unlisted Lab: 1, 3 beta glucan level",7
Unlisted Lab: Ureaplasma,7
Unlisted Lab: Atypical HUS functional testing (not genetic): Factor H autoantibody,6
Unlisted Lab: Atypical HUS functional testing (not genetic): Bb level (cleaved factor B),6
Unlisted Lab: 3 mls EDTA tube,6
CK Isoenzyme Electrophoresis,6
HTLV I/II Antibody w/ Reflex,6
Dilated Cardiomyopathy Panel,6
Bone Marrow Culture/GS,6
G-Tube Teaching (Kids Health),6
"Bilirubin Indirect, Ser/Plas",6
"Lysozyme, Plasma",6
Slide Interp/Pathologist,6
Unlisted Lab: 3ml blood in lavendar or yellow top tube STAT to send-out lab with paperwork,6
"17 Hydroxycorticosteroids, Urine",6
"Unlisted Lab: For California department of public health send-out lab, quarter-size amount of stool in sterile container",6
VRE Screen,6
CFTR Deletion/Duplication Analysis MLPA,6
"PT AND INR, ISTAT",6
Unlisted Lab: Botulinum toxin and culture,6
HTLV 1/II DNA Qual,6
Donor Hepatitis B Core Antibody,6
"Amylase Urine Random, w/Creat",6
"Erythropoietin, Serum",6
JC Virus Antibody Index w Reflex,6
Unlisted Lab: Marfan syndrome and aortic aneurysm panel,6
Handling & Storing Breastmilk,6
"Unlisted Lab: 'prevention genetics' test code 1309, noonan syndrome panel",6
"Reverse T3, Serum",6
"BK Virus PCR Quant, Urine",6
Unlisted Lab: Mayo Lyme serology from CSF collected 2/22/15,6
"Cocci ID, Serum (Initial Diagnosis)",6
"CMV by Qualitative PCR, Saliva",6
"CO2, Ser/Plas",6
"Factor VIII Inhibitor, Human",6
"JC Virus DNA, PCR",6
"Unlisted Lab: Lysosomal enzyme panel, please send to greenwood genetics",6
Donor Syphilis Screen,6
"Hgb F, Quant",6
Unlisted Lab: Atypical HUS functional testing (not genetic): serum factor I,6
Send Out Flow Immunophenotype,6
"Unlisted Lab: Gene Dx Comprehensive metabolic panel, lab 694",6
Immune Complex Panel,6
ClonoSight ID,6
Factor XII Assay,6
Central Line the Basic Teaching,6
"Electrolyte II, Whole Blood",6
"5 OH Indoleacetic AC, Urine",6
Unlisted Lab: URINE BILE ACIDS; this is a send out test to Cincinnati Children's,6
"Oligosaccharides, Qualitative by Mass Spectrometry, Urine",6
Unlisted Lab: Invitae congenital heart disease panel,6
Thiamine (Vitamin B1) Level,6
"Herpes Virus 6 IgG IgM, AB",6
"Donor,HTLV AB I & II",6
"Unlisted Lab: For California department of public health send-out lab, urine in sterile collection tube",6
Janus Kinase 2 V617F Mutation,6
"Vitamin B3, Ser/Plas",6
"Unlisted Lab: For California department of public health send-out lab, 2 cc blood in red top tube",6
Unlisted Lab: Test Code 4902; Global Metabolomic  Assisted Pathway Screen (CSF),6
Unlisted Lab: SERUM BILE ACIDS -  this is a send out test to Cincinnati Children's,6
Unlisted Lab: 0.5 mL plasma in green top (Na or Lithium heparin) tube: for plasma acylcarnitine profile to be sent to ARUP lab (with paperwork at bedside),6
Unlisted Lab: Sequencing/Del/Dup of MMACHC gene to Baylor genetic lab,6
Transferrin,6
CAH Ped Profile 6 Comp SCN,6
"TRK Flow Cytometry for B-ALL MRD, Bld",6
Acetylcholine Modulating Ab,5
"Cystine Quant, Urine",5
Caffeine Level,5
"Aluminum, Serum",5
Volatiles,5
FGFR2 Craniosynostsis,5
"Bile Acids, Total",5
Transfusion Svc Prod 34,5
Donor HIV1 HIV2 AB Scn w/reflex,5
Transfusion Svc Prod 33,5
Fibrinogen Quant,5
Fructosamine Level,5
"Unlisted Lab: Please add on ""Rickettsia conorii Antibody Panel, IFA, CPT 86757, Test Code 15332"" to the specimen sent to Quest on 7/28 for rickettsial AB pnl w/reflex titer",5
CMV Genotype,5
VZV Quant,5
Ehrlichia Chaffeensis,5
CPR for Family and Friends-Adult/Child,5
Platelet Antibody ID Panel,5
Procainamide Level,5
Anti Sm Antibody,5
"Manganese, Serum",5
Peanut Component Allergy Screen,5
Chlamydia GC Molec Detec,5
"Hgb S, Quant",5
VDRL CSF,5
ClonoSight MRD,5
"Myeloid Panel, Blood",5
"Toxo Ab Transplant Pnl, Serum",5
Toxoplasma Newborn Panel,5
"Neisseria gonorrhoeae, NAAT",5
"Chlamydia, NAAT",5
Transfusion Svc Prod 31,5
"S Sulfocysteine, Urine",5
"Cortisol Free, Urine Timed",5
"Myoglobin, Ser/Plas",5
"Histoplasma Ag, Urine/Fluid",5
Hepatitis D Virus AB Total,5
Anti Scl70 Antibody,5
Transfusion Svc Prod 32,5
Heparin Induced Platelet AgG,5
Unlisted Lab: CACNAIC sequencing and CACNAIC deletion/duplication,4
"Platelet Count, Fluid",4
STAMP Block/Slide Request,4
Helicobacter Pylori Ab,4
Plasminogen,4
Inhibin B,4
"Hepatitis E Antibody, IgG",4
"Beta 2 Transferrin, Fld",4
Chlamydia Trachomatis Culture,4
Misc Chemistry,4
"Citrate Excretion, Timed Urine",4
Acetylcholine Blocking Ab,4
"Vitamin B2, Ser/Plas",4
EMA for Spherocytosis,4
Interleukin 6 Level,4
HLA Platelet Compatibility,4
T Cell Interleukin Prolif,4
HLA IVIG In Vitro Inhibition Assay,4
"Leptospira Ab, IgM",4
Dengue Fever AB,4
"Zika Virus RT-PCR, Non-blood",4
Meningococcal Ab Vaccine,4
"D Dimer, Elisa",4
"Herpes Viral 8 DNA, Quant",4
"Creatine Guanidinoacetate, Ur",4
"Estradiol, LC-MS/MS",4
Muscle Tyrosine Kinase AB,4
"Cocci CF AB, CSF (Follow-up Only)",4
"Adenovirus DNA, PCR Quantitative",4
L-Asparaginase Activity,4
Anti Centromere Antibody,4
Duchenne Becker Muscular Dystrophy,4
"Glucose, Urine Timed",4
Androstenedione,4
"Denque Virus RT-PCR, Non-blood",4
Chlamydia IGG/IGA/IGM AB,4
carBAMazepine Level,4
"Unlisted Chemistry: GAD 65 send to Mayo Test Code 11080R, GD65 S",4
Osmotic Fragility,4
Thyroid Stimulating Immunoglobulin,4
Digitoxin Level,4
"Hepatitis E Virus PCR, Quant",4
Donor Chagas Scn w/reflex,4
Donor HIV AB,4
Giardia Screen w/ Reflex O P,4
Tetrahydrocannabinol Urine,4
"Neurotransmitters, CSF",4
Iodine Level,4
Mycoplasma Antibody IgG IgM,4
"VMA and HVA, Pediatric, Urine",4
Sepsis Protocol Lactate,4
Sickle Cell Prep,4
Donor Hepatitis C Ab,4
"Amylase, Ascites",4
Alkaline Phosphatase Isoenzymes,4
Chlamydia Pneumoniae Culture,4
ACH Receptor Binding Ab,4
Ibuprofen Level,4
Adenovirus AB IGG and IGM,4
Anaerobic Short Battery,4
Nasal Culture,4
Immune Cell Function,4
"N Methyl D Aspartate Receptor Ab, CSF",4
Unlisted Molecular: MPS enzymes,3
Unlisted Cyto: array CGH,3
"Galactosemia (Gal-1-P), RBC",3
"Testosterone, Total/Free Adult",3
Rabies AB Titer CHK Endpoint,3
"Vitamin D 1 25 Dihydroxy, Serum",3
Anti Jo1 Antibody,3
"Ethanol Confirmation, Urine",3
"Myelin Basic Protein, CSF",3
Pentobarbital Level,3
Slide Interpretation by Pathologist,3
Cyclic Citrullin Peptide AB,3
"Gamma Hydroxybutyric Acid, Urine",3
Filaria IgG4 Antibody,3
"Differential, Apheresis FLD",3
"Gliadin (Deamidated) IgA, Serum",3
"Complement C4, Functional",3
HLA Addl Specimen Recipient-Ab Scn/XM,3
"Mucopolysaccharides, Urine",3
"Platelets Apheresis, Emergency Release",3
Entamoeba histolytica Exam,3
Misc Processing,3
"Cardiolipin Ab, IgA",3
Lipoprotein Associated Phospholipase A2,3
Unlisted Cyto: whole exome sequencing sent to Baylor,3
Acanthamoeba Culture,3
Unlisted Cyto: Array CGH,3
C1 Esterase Inhibitor Antigen,3
"Unlisted Chemistry: 1,3 Beta D glucan",3
"Phencyclidine Confirmation, Urine",3
Donor West Nile Virus NAT,3
"Minimal Residual Disease, BM",3
Chagas Disease,3
Hepatitis B e Antigen,3
CMV Rapid Culture,3
"Eosinophils, Urine",3
RPR Qualitative,3
"Cocci CF AB, Serum (Follow-up Only)",3
7 Dehydrocholesterol,3
IA-2 Antibody,3
GC Culture Screen,3
"Unlisted Immunology: Hep B Surface Antibodies, qual",3
"Unlisted Chemistry: Anti Ma Antibody, red top tube, send out to Mayo, send on ice.",3
Biochem Genetic Misc Test,3
Hepatitis B e AB,3
"Unlisted Chemistry: whole exome sequencing, send out to Baylor",3
Misc Microbiology,3
"Zika Virus Qualitative, RT-PCR, Blood",3
"NTX Telopeptide, Urine",3
"Occult bld, Immuno Diag",2
"Cholesterol, FLD",2
"21 Hydroxylase Ab, Ser",2
Unlisted Micro/ Viro: Mycoplasma pneumonia antibodies IgM and IgG,2
Vasopressin/ADH Level,2
Research Lab Draw: BMT 351 (Recipient Biological Specimens) ** RESEARCH BLOOD SAMPLE ** PURPLE TOP (Once),2
Complement Component 2,2
Lymphocytic Choriomeningiti AB,2
Donor Hep B Core Ab Living,2
Unlisted Chemistry: MSMD Screen: Stat1/Stat4 phosphorylation by flow. Sendout to seattle children's. Send 7 ml in green top tube at room temperature. Send along with healthy control. Draw on Monday at 11 am.,2
Donor Hepatitis  B Core Total AB,2
Hemoglobin Lab Only,2
Unlisted Chemistry: Pregnenolone 500258 - to Esoterix,2
"Mycoplasma Pneumoniae IgG, Ab",2
Unlisted Molecular: CONGENITAL CENTRAL HYPOVENTILATION SYNDROME PHOX2B - Send to Ambry Genetics.,2
Hypersensitivity Pneumonitis Pnl,2
Anti Mullerian Hormone Level,2
Dehydroepiandrosterone Sulfate,2
Unlisted Chemistry: Progesterone 500266 - to Esoterix,2
Unlisted Chemistry: Aldosterone 500014 - to Esoterix,2
SRA Unfractionated Heparin Level,2
Cytokines Plasma,2
Aspirin Resistance,2
ARIXTRA,2
Exchange Transfusion Order,2
IgG Anti TTG,2
"Arsenic Level, WB",2
Interleukin 5 Level,2
Anti Neutrophil Antibody,2
"Chikungunya Virus RT-PCR, Blood",2
T Helper IL17,2
SNP Microarray (Pediatric),2
Olanzapine Level,2
Angiotensin Converting Enzyme,2
Histoplasmosis AB,2
Glutaric Aciduria Type 1 (GA1),2
Rubeola IgM,2
Galactose 1- P Uridyl,2
"Solid Tumor Actionable Mutation Panel (STAMP), Non-Blood",2
Unlisted Molecular: Ambry Genetics Surfactant Panel (test code 8100),2
Encephalitis Ab Screen,2
Acetylcholinesterase,2
Primidone and Metabolite Level,2
"Unlisted Chemistry: Ribosome P Antibody, specimen CSF",2
Unlisted Chemistry: 17-hydroxypregnenolone 500262 - to Esoterix,2
Ganciclovir Level,2
Unlisted Chemistry: 11 desoxycortisol aka Compound S 500132 - to Esoterix,2
"Unlisted Cyto: Lysosomal Panel - 13 enzymes (send to Greenwood, SC",2
"Calcitonin, Serum",2
Direct Parasite Exam,2
Unlisted Cyto: Prevention genetics testing for junctional EB genes. Please draw 3-5 mL in purple top tube,2
"Bone Alk Phosphatase, Serum",2
Unlisted Molecular: Johns Hopkins DNA Diagnostics for gene NKX2.1,2
Leukemia/Lymphoma Immuphentype,2
Toll Like Receptor Function,2
"Adulterants Survey, Urine",2
Unlisted Chemistry: 17-hydroxyprogesterone 500270 - to Esoterix,2
Corn,2
"ALPHA FETOPROTEIN, TOTAL&L3%",2
Direct Viral Exam B,2
"Cysticercus AB Reflex Panel, Serum",2
"Specific Gravity, Fluid",2
inFLIXimab Antibodies,2
Hemoglobin A1c  with Est Mean Glucose,2
"Progesterone Level, Serum/Plasma",2
CAH Pediatric Profile 6: Comprehensive Screen,2
"Bordetella Pertussis IgG, Ab",2
Phenylalanine and Tyrosine Level,2
"Dengue Virus RT-PCR, Blood",2
Research Lab Draw: BMT 351 (Recipient Biological Specimens) ** RESEARCH BLOOD SAMPLE ** (RED TOP: Once),2
"CEA, Spinal Fluid",2
inFLIXimab Qn with Reflex to Ab,2
Dihydrotestosterone,2
"Unlisted Immunology: Autoimmune encephalitis panel. Source: CSF, minimum 2ml, ideal 4ml. CODE: ENCEC. Send out to Mayo Clinic  1800-533-1710",2
Glucagon Level,2
Istat Creatinine,2
C1q Binding Assay,2
"Calcitriol (1,25-Dihydroxyvitamin D)",2
"5 Methyltetrahydrofolate Level, CSF",2
"Adenovirus DNA, PCR Qualitative",2
"Culture, Environmental",2
"Pyruvic Acid, CSF",2
"Sulfocysteine, Urine",2
Hantavirus Antibodies,2
"Occult bld, Guaiac Diag Single",2
"ABO/Rh, Cord",2
Clonazepam Level,2
"Thyroid Stimulating Ig, Serum",2
Retinol Binding Protein,2
Blastomyces Serologies,2
Research Lab Draw: Immunology Study for DiGeorge Syndrome,2
"Zika Virus RT-PCR, Blood",2
Isospora Microscopic Exam,2
Haloperidol Level,2
Creatine Guanidinoacetate,2
"aPTT, ACLTOP Method",2
"Unlisted Molecular: 3-5 mL Blood in purple top tube (NaEDTA) send out test to Baylor for Whole exome sequencing, paper requisition already in lab, parents to be drawn as controls separately at outpatient lab",2
"Trichinella IgG, AB",2
"Uric Acid, Fluid",2
"Unlisted Chemistry: 1,3 beta D glucan",2
Chromium Ser/Plas,1
JCV Virus Antibody Inhibition,1
Unlisted Molecular: parechovirus PCR serum,1
"Estrogen Total, Level",1
Chlamydia Molec Detec,1
C4d Fragment,1
"S. Pneumoniae AG Detection, LA",1
T Cell Activation,1
Thyroglobulin & Thyroid Ab,1
"Viscosity, Serum",1
"Cocci ID, CSF (Initial Diagnosis)",1
Unlisted Immunology: Autoimmune encephalitis panel. Source: blood. CODE: ENCES. Send out to Mayo Clinic 1800-533-1710,1
"Unlisted Chemistry: sendout to focus entero/parecho PCR, test code 47440",1
Cysticercus IgG Antibody,1
"Everolimus, Blood",1
Lysosomal Disease Panel,1
"Cysticercus Antibody Reflex Panel, CSF",1
Glutaric 3 Ohglutaric Acid,1
"Gastrin, Serum",1
Unlisted Immunology: Donor specific antibodies (DSA),1
C1 Esterase Inhib Pl,1
"Intracellular Cystine Assay, WBC",1
11 Deoxycortisol,1
HLA Miscellaneous Test,1
Charge (CHD7) Sequencing,1
"Protein, Urine Random w/o Creat",1
HTLVS Non Donor,1
17 Hydroxypregnenolone,1
AML Prognosis Assay,1
"Aldosterone, Serum (Adult)",1
Cold Antibody Titer,1
Euglobulin Clot Lysis,1
"ANA, HEp-2, IgG IFA",1
Hypertrophic Cardiomyopathy Pan,1
Unlisted Chemistry:,1
Unlisted Molecular: Jaundice Chip send out to Cincinnati,1
"C1 Inhibitor, Quant",1
Sputum for PMNs,1
Specific Gravity Refractometer POC,1
"Inhibin A, Dimer",1
GBM IgG,1
Complement Alternate Pathway,1
Unlisted Chemistry: Cortisol 500092 - to Esoterix,1
IBD SGI Diagnostic,1
Apolipoprotein B,1
Unlisted Cyto: PNH clone screen flow cytometry,1
Vasoactive Intest Polypep,1
"Unlisted Micro/ Viro: 1,3 beta-d-glucan",1
"Angiotensin Covert Enz, CSF",1
Parvovirus B19 Ab IgG,1
"Unlisted Chemistry: Neuron antibody, specimen CSF",1
Insulin Fasting,1
"Allergen Panel, IgE by ImmunoCap ISAC",1
Tetrahydrobiopterin/Neopterin,1
"17 OH Pregnenolone Level, Peds",1
Globulin,1
Spinal Muscular Atrophy Diagnostic,1
Misc. Virology Test,1
"Cysticercus AB, Serum",1
Trazodone Level,1
"Polyols, Ur",1
"Mercury Level, WB",1
Alagille (JAG1) Mutation,1
Celiac Genetics,1
"Progesterone Level, Pediatric",1
Chromogranin A,1
C3a des Arg Fragment,1
Unlisted Chemistry: deoxycorticosterone aka DOC 500124 - to Estoerix,1
"Unlisted Micro/ Viro: Chlamydophila Antibodies (IgG, IgA, IgM)",1
Lorazepam Level,1
Carboxyhemoglobin,1
"Glucose, WB",1
Testosterone Level (Adult),1
"Cryoprecipitate, Emergency Release",1
HDL,1
Donor RPR w/reflex to Syph IgG,1
"Pain Mgmt, Cocaine Metabolite Qn, Urine",1
Galactose 1 Phosphate,1
Adenosine Deaminase Pleural,1
"Echinococcus AB, IgG w/Reflex",1
Long QT Syndrome,1
Cobalamin C Deficiency,1
Gabapentin Level,1
GC Molecular Detection,1
"Homocysteine Quant, Urine",1
"Chlamydia Trachomatis RNA, Throat",1
