clinical_item_id,name,description
45749,LABPOCGLU,GLUCOSE BY METER
45751,LABUA,URINALYSIS WITH MICROSCOPIC
45752,LABBLC,BLOOD CULTURE (AEROBIC & ANAEROBIC BOTTLES)
45753,LABPCG3,"ISTAT G3+, ARTERIAL"
45756,LABARI,ABO/RH (ARI)
45757,LABFK506L,TACROLIMUS (FK506)
45759,LABPT,PROTHROMBIN TIME
45760,LABABG,"BLOOD GASES, ARTERIAL"
45763,LABMETB,"METABOLIC PANEL, BASIC"
45767,LABSPR,SPECIMEN REMARK
45770,LABPTT,PTT PARTIAL THROMBOPLASTIN TIME
45771,LABMETC,"METABOLIC PANEL, COMPREHENSIVE"
45772,LABTSH,"THYROID STIMULATING HORMONE"
45778,LABPHOS,"PHOSPHORUS, SERUM/PLASMA"
45782,LABURNC,URINE CULTURE
45788,LABCBCD,CBC WITH DIFF
45792,LABROMRS,MRSA SCREEN
45793,LABCBCO,CBC
45797,LABA1C,HEMOGLOBIN A1C
45798,LABPREG,"PREGNANCY TEST, SERUM"
45800,LABHATA,HEPATITIS A AB TOTAL
45803,LABHBC,HEPATITIS B CORE AB IGM
45806,LABMGN,"MAGNESIUM, SERUM/PLASMA"
45813,LABTCDIF,"C DIFFICILE TOXIN B, STOOL"
45817,LABTBP1,TRANSFUSION BLOOD PRODUCT 2
45819,LABHAP,HAPTOGLOBIN
45820,LABLPDPC,LIPID PLUS RISK PANEL WITH CALCULATED LDL
45822,LABTBP6,TRANSFUSION BLOOD PRODUCT 7
45823,LABARVI,BLOOD TYPE VERIFICATION
45825,LABTSLIP,TRANSFUSION SERVICE CALL SLIP
45826,LABANER,ANAEROBIC CULTURE
45835,LABLEGU,"LEGIONELLA AG, URINE"
45837,LABAMY,"AMYLASE, SERUM"
45838,LABPCTNI,ISTAT TROPONIN I
45843,LABPCYS,PNEUMOCYSTIS STAIN
45844,LABTBP,TRANSFUSION BLOOD PRODUCT 1
45851,LABUNA,"SODIUM WITH CREATININE, URINE (RANDOM)"
45853,LABNTBNP,NT - PROBNP
45861,LABK,"POTASSIUM, SERUM/PLASMA"
45870,LABTNI,TROPONIN I
45872,LABBBPFFP,FRESH FROZEN PLASMA PRODUCT
45873,LABUAPRN,"URINALYSIS, SCREEN FOR CULTURE"
45874,LABTBP8,TRANSFUSION BLOOD PRODUCT 9
45875,LABBBPPLT,PLATELET APHERESIS PRODUCT
45879,LABSURG,SURGICAL PROCEDURE
45880,LABUAS,URINALYSIS MACROSCOPIC ONLY
45887,LABCAI,"CALCIUM IONIZED, SERUM/PLASMA"
45888,LABPCEC4V,"ISTAT EC4, VENOUS"
45891,LABHCTX,HEMATOCRIT
45892,LABMB,"CK, MB (MASS)"
45894,LABLIPS,LIPASE
45895,LABCK,"CREATINE KINASE, TOTAL"
45901,LABBLC2,BLOOD CULTURE (2 AEROBIC BOTTLES)
45902,LABAFP,"ALPHA FETOPROTEIN, SERUM"
45903,LABLDH,"LDH TOTAL, SERUM / PLASMA"
45904,LABTBP3,TRANSFUSION BLOOD PRODUCT 4
45908,LABTRFS,TRANSFERRIN SATURATION
45909,LABASI,AB SCREEN (ASI)
45910,LABHFP,HEPATIC FUNCTION PANEL A
45918,LABLAC,LACTIC ACID
45919,LABVBG,"BLOOD GASES, VENOUS"
45922,LABFER,FERRITIN
45927,LABBBPRBC,RED BLOOD CELLS
45929,LABFT4,"T4, FREE"
45932,LABAHP2,ACUTE HEPATITIS PANEL
45933,LABUUN,"UREA WITH CREATININE, URINE (RANDOM)"
45935,LABLPD,LIPID PANEL
45938,LABWDC,WOUND CULTURE
45940,LABTBP7,TRANSFUSION BLOOD PRODUCT 8
45941,LABDOA,"DRUGS OF ABUSE SCREEN, URINE"
45942,LABPCINR,ISTAT INR AND PROTIME
45945,LABTYPSNI,TYPE AND SCREEN
45948,LABHELAG,"HELICOBACTER PYLORI AG, STOOL"
45953,LABHIVAB,HIV (TYPE 1 AND TYPE 2) ABY
45954,LABTBP9,TRANSFUSION BLOOD PRODUCT 10
45958,LABDATBSI,DIRECT COOMBS BROAD SPECTRUM
45959,LABTBP11,TRANSFUSION BLOOD PRODUCT 12
45962,LABHAV,HEPATITIS A IGM AB
45964,LABTBP16,TRANSFUSION BLOOD PRODUCT 17
45966,LABCBCS,CBC WITH DIFF AND SLIDE REVIEW
45968,LABCMVM,CMV IGM
45971,LABTBP4,TRANSFUSION BLOOD PRODUCT 5
45972,LABVANPRL,VANCOMYCIN TROUGH LEVEL
45975,LABTBP2,TRANSFUSION BLOOD PRODUCT 3
45976,LABUEOS,"EOSINOPHILS, URINE"
45978,LABCORT,"CORTISOL, SERUM"
45980,LABSPIE,"PROTEIN IMMUNOFIX ELECTROPHORESIS, SERUM"
45981,LABVP3,COMPREHENSIVE HEPATITIS PANEL
45982,LABFHVIG,"HIV 1 IGG-AB, WESTERN BLOT CONFIRM"
45989,LABANER2,"ANAEROBIC CULTURE, SHORT BATTERY"
45995,LABURIC,"URIC ACID, SERUM / PLASMA"
45997,LABTTM,TRANSPLANT THERAPY MONITORING
45999,LABANTIXA,ANTI XA / LMWH
46001,LABHB,HEPATITIS B SURFACE AG
46002,LABHSVGM,HSV 1/2 IGM&TYPE-SPECIFIC IGG
46006,LABGRAM,GRAM STAIN
46011,LABLPDC,LIPID PANEL WITH CALCULATED LDL
46012,LABCYLX,IMMUNE FUNCTION TEST
46014,LABCOCFS,"COCCIDIOIDES COMPLEMENT FIXATION, SERUM"
46019,LABFE,"IRON, TOTAL"
46020,LABPCCG4V,"ISTAT CG4,VENOUS"
46024,LABB12,VITAMIN B12
46026,LABRPRQT,RPR QUANTITATIVE
46028,LABFIB,FIBRINOGEN
46033,LABFKOH,FUNGAL CULTURE AND KOH
46040,LABFMYAB,MYCOPLASMA IGG/IGM AB
46042,LABSTREP,BETA STREP THROAT SCREEN RAPID EIA
46043,LABBPERP,BORDETELLA PERTUSSIS PCR
46044,LABCRP,C - REACTIVE PROTEIN
46046,LABRETIC,RETICULOCYTE COUNT AUTOMATED
46048,LABDBIL,"BILIRUBIN DIRECT, SERUM/PLASMA"
46049,LABARGI,ABO/RH
46051,LABHGBX,HEMOGLOBIN
46052,LABTBP14,TRANSFUSION BLOOD PRODUCT 15
46053,LABTBP5,TRANSFUSION BLOOD PRODUCT 6
46054,LABVPAL,VALPROIC ACID
46060,LABSTLC,STOOL CULTURE
46066,LABHCPQ,HEPATITIS C RNA PCR QUANTITATIVE
46069,LABTES,TESTOSTERONE
46071,LABPCG3O,"ISTAT G3+, OTHER"
46078,LABUEP,"ELECTROLYTE PANEL, URINE WITH CREATININE"
46082,LABNONGYN,NON-GYN CYTOLOGY EXAM
46083,LABYUCDA,"CONFIRMED DRUG ABUSE SURVEY, URINE"
46086,LABBXTG,BIOPSY / TISSUE CULTURE AND GRAM STAIN
46087,LABTBP18,TRANSFUSION BLOOD PRODUCT 19
46089,LABHGBSQ,HGB S QUANTITATIVE
46090,LABPLTS,PLATELET COUNT
46092,LABCRCL,"CREATININE CLEARANCE, URINE"
46093,LABBHCG,BETA HCG
46095,LABUCR,"CREATININE, URINE (RANDOM)"
46098,LABPCCR,ISTAT CREATININE
46103,LABFCUL,FUNGAL CULTURE
46104,LABBMT1,BMT PANEL 1
46105,LABGGT,GAMMA - GLUTAMYL TRANSFERASE
46107,LABINSLF,INSULIN FASTING
46109,LABPSA,PSA
46128,LABFLDC,FLUID CULTURE AND GRAM STAIN
46131,LABSTSS,SYPHILIS TREPONEMAL SCREEN
46132,LABCMVPQ,CMV PCR QUANTITATIVE
46133,LABTRIG,"TRIGLYCERIDES, SERUM / PLASMA"
46136,LABNH3,"AMMONIA, PLASMA"
46137,LABCMV,CMV AB TOTAL
46138,LABYLAMO,LAMOTRIGINE
46141,LABYVB1W,VITAMIN B1
46147,LABEBPCRQ,EBV BY PCR QUANTITATIVE
46149,LABBMT2,BMT PANEL 2
46151,LABRP,RENAL FUNCTION PANEL
46152,LABHEPC,HEPATITIS C AB EIA
46157,LABBLCTIP,BLOOD CULT - 2ND SET VIA CATHETER
46163,LABSTORE,SPECIMEN STORAGE ONLY
46164,LABTBP15,TRANSFUSION BLOOD PRODUCT 16
46171,LABYMPA,MYCOPHENOLIC ACID
46173,LABDHBP,HEPATITIS B DIAGNOSTIC PANEL
46176,LABTBP12,TRANSFUSION BLOOD PRODUCT 13
46179,LABRESP,RESPIRATORY CULTURE
46180,LABTHS,GROUP A STREP CULTURE
46183,LABHEPAR,HEPARIN ACTIVITY LEVEL
46189,LABTBP10,TRANSFUSION BLOOD PRODUCT 11
46190,LABXICA51,ICA 512 AB
46191,LABFHHV6,HERPES VIRUS 6 IGG AND IGM AB
46193,LABTRFN,TRANSFERRIN
46195,LABHBCC,HEPATITIS B CORE TOTAL AB
46197,LABSLHELD,SLIDE HELD FOR REVIEW
46198,LABADVDNA,"ADENOVIRUS DNA, QUALITATIVE PCR"
46204,LABFOL,FOLIC ACID
46206,LABTBP13,TRANSFUSION BLOOD PRODUCT 14
46209,LABURUN,"UREA, URINE (RANDOM)"
46217,LABCA,"CALCIUM, SERUM/PLASMA"
46218,LABHTLVS,HTLV-1 AB SCREEN
46228,LABRPRQL,RPR QUALITATIVE
46236,LABVOLTL,VOLATILE SCREEN
46237,LABDHTLVQ,"DONOR, HTLV-I/II AB SCN"
46245,LABIBIL,"BILIRUBIN INDIRECT, SERUM"
46250,LABYDHEA,"DEHYDROEPIANDROSTERONE, SERUM"
46268,LABYHISTS,"HISTOPLASMA AG, SERUM"
46280,LABMMAS,METHYLMALONIC ACID
46286,LABDIC,DIC SCREEN
46287,LABTBP17,TRANSFUSION BLOOD PRODUCT 18
46291,LABBLCSTK,"BLOOD CULT - FIRST SET, VIA PHLEBOTOMY"
46297,LABEB,EBV AB PANEL
46301,LABMYO,"MYOGLOBIN, SERUM / PLASMA"
46310,LABHGBFQ,HGB F QUANTITATIVE
46311,LABHAB,HEPATITIS B SURFACE AB
46317,LABUK,"POTASSIUM WITH CREATININE, URINE (RANDOM)"
46319,LABUOSM,"OSMOLALITY, URINE"
46348,LABUSEOSTS,USE ORDER SET FOR LAB TRANSFUSION
46350,LABHCVG,HEPATITIS C VIRUS GENOTYPING
46359,LABRBCFOL,"FOLATE, RBC"
46366,LABYEB,"EBV AB PROFILE, SERUM"
46368,LABHGHPLC,HGB QUANTITATIVE / FRACTIONATED HPLC
48486,LABVANUNL,VANCOMYCIN SINGLE DAILY DOSE LEVEL
48493,LABBFCT,"CELL COUNT AND DIFF, FLUID"
48494,LABYTRYPT,"TRYPTASE, SERUM"
48496,LABHCLOTI,HOLD CLOT
48498,LABHSVM,HSV 1 AND 2 IGM
48499,LABTRXNWI,TRANSFUSION REACTION WORKUP
48501,LABDVERV,RESPIRATORY DFA PANEL
48503,LABCYTGEN,CYTOGENETICS FISH ORDER
48507,LABOSR,OUTSIDE SLIDE REVIEW
48510,LABHMCY,"HOMOCYSTEINE TOTAL, PLASMA"
48513,LABTBILFR,"BILIRUBIN TOTAL AND FRACTIONATED, SERUM"
48517,LABCOCC,"COCCIDIOIDES COMPLEMENT FIXATION, CSF"
48519,LABFVARZ,"VARICELLA ZOSTER VIR. DNA,QUAL"
48527,LABYFGL,"GLUCOSE, FLUID"
48529,LABVCUL,VIRAL CULTURE
48530,LABHSCRP,HIGH SENSITIVITY C-REACTIVE PROTEIN
48532,LABDDIML,D - DIMER (ELISA)
48539,LABUSPG,"SPECIFIC GRAVITY, URINE"
48544,LABRESPG,RESPIRATORY CULTURE AND GRAM STAIN
48548,LABFLDH,"LDH TOTAL, FLUID"
48564,LABYCP,"C - PEPTIDE, SERUM"
48572,LABTT4,"T4, TOTAL"
48573,LABHIAB,HEPARIN INDUCED AB
48574,LABCR,"CREATININE, SERUM/PLASMA"
48575,LABURTP,"PROTEIN, URINE (RANDOM)"
48577,LABCSFGL,"GLUCOSE, CSF"
48578,LABFHCT,"HEMATOCRIT, FLUID"
48579,LABHIPA,HEPARIN INDUCED PLATELET AGGREGATION
48584,LABIGG,"IGG, SERUM"
48585,LABABIDI,AB ID
48586,LABPATHR,REVIEW BY PATHOLOGIST
48594,LABAPHSAB,ANTI PHOSPHOLIPID AB PANEL
48595,LABWDCG,WOUND CULTURE AND GRAM STAIN
48603,LABCMVP,"CMV DNA PCR QUAL, NON-BLOOD"
48612,LABUVH,VMA AND HVA
48618,LABHBSAG,HBSAG
48624,LABPCEG7,"ISTAT EG7, ARTERIAL"
48631,LABCYCWBL,"CYCLOSPORINE, WHOLE BLOOD"
48645,LABTBIL,"BILIRUBIN TOTAL, SERUM/PLASMA"
48649,LABFACT10,FACTOR X ASSAY
48653,LABCTC,CATHETER TIP CULTURE
48661,LABBCRQT,"BCR - ABL QUANTITATIVE, BLOOD"
48669,LABSTPOLY,"WBC FOR IBD, STOOL"
48681,LABOAPE,OVA AND PARASITES
48683,LABISOF,ISOLATOR FUNGUS
48684,LABYPREAL,PREALBUMIN
48695,LAB11118R,"ELASTASE, STOOL"
48696,LABWDCS,"WOUND CULTURE AND GRAM STAIN, DEEP / SURGICAL / ASP"
48721,LABFAMY,"AMYLASE, FLUID"
48724,LABHELI,HELICOBACTER PYLORI AB
48730,LABLWBCC,"LYME WESTERN BLOT, CSF"
48732,LABPCEG7V,"ISTAT EG7, VENOUS"
48741,LABTBP19,TRANSFUSION BLOOD PRODUCT 20
48744,LABALB,"ALBUMIN, SERUM/PLASMA"
48745,LABFAL,"ALBUMIN, FLUID"
48746,LABYZONIS,ZONISAMIDE
48752,LABSCMV,CMV SHELL VIAL CULTURE
48753,LABAMLP,AML PROGNOSIS ASSAY
48757,LABDRVVTP,DILUTE RUSSELL VIPER VENOM PANEL
48770,LABAFBD,"AFB CULTURE, NON - RESPIRATORY"
48779,LABVZAB,VARICELLA ZOSTER VIRUS AB IGG
48780,LABSTRED,"REDUCING SUBSTANCE, STOOL"
48783,LABPCEC4O,"ISTAT EC4, OTHER"
48786,LABHCVA,ANTI-HCV
48790,LABESRP,SEDIMENTATION RATE (ESR)
48791,LABMALAR,MALARIA PREP
48796,LABQFTB,QUANTIFERON TEST FOR LATENT TB
48797,LABANAS,ANTI - NUCLEAR AB
48801,LABNJAK2,"JANUS KINASE 2 V617F MUTATION, NON-BLOOD"
48810,LABURK,"POTASSIUM, URINE (RANDOM)"
48811,LABMVSOB,UNLISTED MICROBIOLOGY/VIROLOGY TEST
48812,LABDIGL,"DIGOXIN, SERUM"
48815,LABSTOBGD,"OCCULT BLD, GUAIAC, STOOL, DIAG TEST"
48818,LABPCG3V,"ISTAT G3+, VENOUS"
48826,LABWNVRNA,"WEST NILE VIRUS RNA, RT  -PCR"
48829,LABACETA,"ACETAMINOPHEN, SERUM"
48831,LABALT,"ALT, SERUM/PLASMA"
48834,LABAT3,ANTITHROMBIN III
48837,LABAGALA,ASPERGILLUS GALACTOMANNAN
48849,LAB11547R,HEPATITIS C CONFIRMATORY TEST
48850,LABFLUAPC ,FLU A PCR
48851,LABHAVM,IGM ANTI-HAV
48869,LABDVEVH,HSV/VZ DFA (DIRECT VIRAL EXAM)
48871,LABDDIM,D - DIMER
48872,LABCMVTSI,CMV AB TOTAL SOLID PHASE (GALILEO)
48880,LABCSFCT,"CELL COUNT AND DIFF, CSF"
48906,LAB11079R,GABAPENTIN
48917,LABBUN,"UREA NITROGEN, SERUM/PLASMA"
48922,LAB11199R,PARANEOPLASTIC AUTOAB EVAL
48929,LABURNA,"SODIUM, URINE (RANDOM)"
48934,LABCRFA,CRYPTOSPORIDIUM DFA
48942,LABNA,"SODIUM, SERUM / PLASMA"
48949,LABLIDOL,LIDOCAINE
48951,LABBLCA,"AFB CULTURE, BLOOD"
48953,LABT3,"T3, TOTAL"
48972,LABIGM,"IGM, SERUM"
48974,LABCSTOTA,"PROTEIN C&S, TOTAL"
48982,LAB11128R,FUNGAL MIC
48985,LABTP,"PROTEIN TOTAL, SERUM/PLASMA"
48989,LABSIROL,SIROLIMUS LEVEL
48991,LABDSDNA,ANTI - DSDNA AB
48999,LABSPE,PROTEIN ELECTROPHORESIS
49008,LABRFRPT,REFERENCE REPORT
49015,LABTBP22,TRANSFUSION BLOOD PRODUCT 23
49016,LABUCRT,"CREATININE, URINE (TIMED)"
49020,LABCSFTP,"PROTEIN TOTAL, CSF"
49024,LABPROC,SPECIMEN PROCESSING
49026,LABALKP,ALKALINE PHOSPHATASE TOTAL SERUM/PLASMA
49037,LABC125,CANCER AG 125
49053,LABFTP,"PROTEIN TOTAL, FLUID"
49072,LAB11125R,COCCI ID
49077,LABVITK,"VITAMIN K1, SERUM"
49078,LABREPT,REPTILASE TIME
49079,LABCLGC2,"CHLAMYDIA GC, MOLECULAR DETECTION"
49080,LABFLDB,FLUID CULTURE / BB GRAM STAIN
49081,LABYVITA,VITAMIN A
49083,LABCSFC,CSF CULTURE AND GRAM STAIN
49086,LABCL,"CHLORIDE, SERUM/PLASMA"
49092,LABTOBPRL,TOBRAMYCIN TROUGH LEVEL
49107,LAB11523R,GQ1B AB
49109,LABHSVPCR,"HERPES SIMPLEX PCR, CSF"
49110,LABYUMYO,"MYOGLOBIN, URINE"
49124,LAB11094R,RO AB
49125,LABLIL,LITHIUM
49128,LABURCA,"CALCIUM, URINE (RANDOM)"
49134,LABUPREG,"PREGNANCY TEST, URINE"
49135,LABYUMETF,"METANEPHRINES FRACTIONATED, 24H URINE"
49142,LABYENPCR,ENTEROVIRUS PCR
49150,LABYSTONE,KIDNEY STONE ANALYSIS
49151,LABYCCPIG,ANTI CCP
49152,LABCYTOG,CYTOGENETICS REPORT
49173,LABSALICY,SALICYLATE LEVEL
49179,LABYERYTH,ERYTHROPOIETIN
49189,LABYCERU,CERULOPLASMIN
49190,LABPROTC,PROTEIN C ACTIVITY
49197,LABIGGS4,IGG  SUBCLASS 4
49198,LABC3,"COMPLEMENT C3, SERUM"
49204,LAB11020R,EB VIRUS EARLY AG (R+D) IGG
49208,LABSLINTP,SLIDE INTERPRETATION BY PATHOLOGIST
49215,LABPTH,PARATHYROID HORMONE
49216,LABJAK2,"JANUS KINASE 2 V617F MUTATION, BLOOD"
49218,LABSFCORT,"CORTISOL FREE, SERUM"
49234,LABPHME,PH BY METER
49246,LABHITAB,HEPARIN PLATELET FACTOR 4 AB
49248,LABYPLAB,PLATELET AB
49250,LABRF,RHUEMATOID FACTOR
49257,LABYTHI,THIOCYANATE
49258,LABREF2,LAB UNLISTED 2
49268,LABPTTINH,PTT INHIBITOR SCREEN
49283,LABMTXL,METHOTREXATE
49286,LABGIARS,GIARDIA SCREEN
49290,LABREF1,LAB UNLISTED 1
49297,LABCFRESP,CYSTIC FIBROSIS RESPIRATORY CULTURE
49299,LABGNTPRL,GENTAMICIN TROUGH LEVEL
49301,LABPCCG4,"ISTAT CG4, ARTERIAL"
49304,LABBSME,BLOOD PARASITE EXAM (NOT MALARIA)
49314,LABTBP21,TRANSFUSION BLOOD PRODUCT 22
49316,LABUPIE,URINE PROTEIN IMMUNOFIXATION ELECTROPHORESIS
49318,LABPCACT,ACTIVATED CLOTTING TIME (POCT)
49320,LABROMSP,MICROSPORIDIUM SCREEN
49324,LABUGL,"GLUCOSE WITH CREATININE, URINE (RANDOM)"
49327,LABYMYCRB,"MYCOPLASMA CULTURE, RESPIRATORY"
49334,LABPHEN,PHENYTOIN LEVEL
49343,LABFACT7,FACTOR VII ASSAY
49350,LABC4,"COMPLEMENT C4, SERUM"
49353,LABOSM,"OSMOLALITY, SERUM"
49363,LABBMCEBP,"DETECTION OF CEBPA, BONE MARROW"
49367,LABAPC,ACTIVATED PROTEIN C RESISTANCE
49371,LABCEA,CEA
49379,LABLUPUS,LUPUS ANTICOAGULANT
49381,LABHBCT,ANTI-HBC
49382,LABYA1APH,ALPHA - 1 - ANTITRYPSIN PHENOTYPE
49385,LABYVD125,"1,25-DIHYDROXYVITAMIN D, SERUM"
49403,LABGLNF,"GLUCOSE NON-FASTING, SERUM/PLASMA"
49411,LABVHHA,VH HYPERMUTATION ASSAY
49418,LAB11133R,DONOR HBC AB
49426,LABUTP,"PROTEIN, URINE (TIMED)"
49434,LABGLOB,GLOBULIN
49441,LABHGBS,"HEMOGLOBIN, SERUM"
49442,LABFCR,"CREATININE, FLUID"
49444,LABAFBSO,AFB SMEAR ONLY
49453,LABCA199,CANCER AG 19-9
49462,LABYGDA,"DRUG SCREEN, FLUIDS"
49466,LABVWAG,VON WILLEBRAND AG
49468,LABBARTPC,"BARTONELLA DNA, QUALI, PCR"
49469,LABURCL,"CHLORIDE, URINE (RANDOM)"
49475,LABACA,ANTI CARDIOLIPIN AB
49478,LABLEGDA,LEGIONELLA CULTURE
49486,LABY25VD,"VITAMIN D, 25-HYDROXY"
49496,LABF8INH,FACTOR VIII INHIBITOR HUMAN
49506,LABFACT8,FACTOR VIII ASSAY
49510,LABCZPL,"CARBAMAZEPINE, SERUM"
49512,LABYVIP,VASOACTIVE INTESTINAL POLYPEPTIDE
49516,LABAFBC,"AFB CULTURE, RESPIRATORY"
49520,LABB2GPCO,BETA - 2 - GLYCOPROTEIN
49523,LAB11124R,COCCI CF
49524,LABYINFAB,INFLUENZA AB PANEL
49526,LABMETHB,METHEMOGLOBIN
49528,LABAFBCF,"AFB CULTURE, RESPIRATORY FOR CYSTIC FIBROSIS"
49534,LABUTPRAN,"PROTEIN WITH CREATININE, URINE (RANDOM)"
49536,LABYAMEB,E. HISTOLYTICA AB
49538,LAB11028R,"ACE, CSF"
49549,LABASQ,ACETONE SEMI QUALITATIVE
49550,LABANERB,ANAEROBIC CULTURE BB
49552,LABVORI,VORICONAZOLE LEVEL
49580,LABKOHP,KOH / CALCOFLUOR
49594,LABCRPLC,"CRYPTOCOCCAL AG LATEX, CSF"
49609,LABUUNT,"UREA NITROGEN, URINE (TIMED)"
49613,LABYGLUC,GLUCAGON
49614,LABUAMY,"AMYLASE WITH CREATININE, URINE (RANDOM)"
49657,LABCRYO,CRYOPROTEIN SEMI - QUANTITATIVE
49659,LABHIVDS,HIV - 1 AG DONOR SCREEN QUALITATIVE
49664,LABADAM13,ADAMTS-13 ACTIVITY AND ANTIGEN TESTING
49666,LABVSTLC,VIRAL STOOL CULTURE
49676,LAB11023R,EB NUCLEAR AG AB
49687,LABYPTHRP,"PTH-RELATED PEPTIDE, PLASMA"
49689,LABDFA,DENGUE FEVER AB
49694,LABFDP,FIBRIN DEGRADATION PRODUCTS
49700,LABSPAGD,S. PNEUMONIAE AG DETECTION LA
49702,LABYCOPPR,"COPPER, SERUM"
49709,LAB11070R,ALDOSTERONE
49713,LABHGBP,"HEMOGLOBIN, PLASMA"
49714,LABEP1,ELECTROLYTE PANEL
49721,LABLEID,FACTOR V LEIDEN
49729,LABIGET,TOTAL IGE
49747,LABYUFCAT,"CATECHOLAMINES FRACTIONATED FREE, URINE"
49752,LABACTHO,ADRENOCORTICOTROPIC HORMONE (ACTH)
49784,LABCHOL,"CHOLESTEROL TOTAL, SERUM/PLASMA"
49790,LABTBP39,TRANSFUSION BLOOD PRODUCT 40
49791,LABFHV12,"HSV 1 AND 2 PCR, NON CSF"
49802,LABYHABQ,ANTI HBS QUANT
49806,LABGBMIFA,GBM IGA AND IGG AB
49809,LABDWNIL,"DONOR, WEST NILE VIRUS NAT"
49822,LABFADAG,"ADENOVIRUS AG, STOOL"
49826,LABYUCOP,"COPPER, URINE"
49833,LAB11134R,DONOR HCV AB
49841,LAB11030R,EB VIRAL CAPSID AG IGG AB
49844,LABIGA,"IGA, SERUM"
49848,LABUCAT,"CALCIUM, URINE (TIMED)"
49849,LAB11122R,"TOXOPLASMA AB, IGM"
49864,LABMONEBV,MONO SCREEN WITH REFLEX EBV AB
49867,LABBBPCRY,CRYOPRECIPITATE
49871,LABYIGF1,INSULIN LIKE GROWTH FACTOR I
49876,LABFADA,"ADENOSINE DEAMINASE, FLUID"
49878,LABHIVQ2,HIV QUANTITATIVE PCR
49883,LABRBCPH,RBC PHENOTYPE
49895,LABBBPRBC,RED BLOOD CELLS
49904,LABP20210,PROTHROMBIN 20210A
49909,LABYEBPCR,"EBV BY RAPID PCR, CSF"
49918,LABRITUX,RITUXAN PANEL
49935,LABDATLA,DIRECT ANTIGLOBULIN TEST - LARC
49945,LABTHAMP,THERMAL AMPLITUDE
49982,LABUNAT,"SODIUM, URINE (TIMED)"
49984,LABSTFAT,"FAT STAIN, STOOL"
49992,LABUALB,"ALBUMIN WITH CREATININE, URINE (RANDOM)"
50003,LAB11440R,H. PYLORI UREA BREATH TEST
50009,LABANTITG,ANTI - THYROGLOBULIN AB
50010,LABHIVDAG,HIV - 1 DIRECT AG (ICD)
50022,LABUPHOS,"PHOSPHATE WITH CREATININE, URINE (RANDOM)"
50054,LABFQFVR,COXIELLA BURNETII AB
50065,LABLUT,LEUTEINIZING HORMONE
50072,LABTHEOL,THEOPHYLLINE LEVEL
50079,LAB11024R,EB VIRAL CAPSID AG IGM AB
50082,LABYA1AS,ALPHA - 1 - ANTITRYPSIN
50087,LABTOTALS,"PROTEIN S AG, TOTAL"
50091,LABYSDA,"DRUG SCREEN, PLASMA"
50101,LABUCL,"CHLORIDE WITH CREATININE, URINE (RANDOM)"
50109,LABHBSQL,ANTI-HBS QUAL
50115,LABDVEMPV,DIRECT VIRAL EXAM MPV
50126,LABBMC,BONE MARROW CULTURE
50163,LABAST,"AST, SERUM/PLASMA"
50164,LABTBP76,TRANSFUSION BLOOD PRODUCT 77
50174,LABAS4I,AB SCREEN
50187,LABUPIET,URINE PROTEIN IMMUNOFIXATION ELECTROPHORESIS (TIMED)
50189,LABASTRO,ANTI STREPTOLYSIN O
50194,LAB11068R,ACE
50196,LABTBP35,TRANSFUSION BLOOD PRODUCT 36
50201,LABIGP,"IG PANEL, SERUM"
50203,LABYSTOSM,"OSMOLALITY, STOOL"
50204,LABANTNEU,ANTI - NEUTROPHIL AB
50206,LABCD34,"CD34 PANEL, BLOOD"
50211,LABYUOPC,"OPIATE CONFIRMATION, URINE"
50212,LABYRENIN,"RENIN ACTIVITY, PLASMA"
50219,LABYSTK,"POTASSIUM, STOOL"
50224,LABBARSAB,BARTONELLA SPECIES AB
50240,LABFTRIGA,"TRIGLYCERIDES, NON-PLEURAL"
50246,LABBBPCRY,CRYOPRECIPITATE
50252,LAB11107R,HBE ANTIGEN
50253,LABPCCG4O,"ISTAT CG4, OTHER"
50254,LABSCHIG,SCHISTOSOMA IGG AB ELISA
50257,LABTBP38,TRANSFUSION BLOOD PRODUCT 39
50263,LABAVRT,HIV - 1 GENOTYPING
50272,LABTBLYM,"T SUBSETS AND B LYMPHOCYTES, BLOOD"
50282,LABROPK,ISOSPORA/CYCLOSPORA SCREEN
50290,LABYMETFF,"METANEPHRINES FRACTIONATED FREE, PLASMA"
50291,LABUCA,"CALCIUM WITH CREATININE, URINE (RANDOM)"
50295,LABMDXMIS,MOLECULAR PATHOLOGY MISCELLANEOUS TEST
50298,LABCORTS,"CORTISOL, POST OP"
50299,LABANTIM,ANTI - TPO AB
50304,LAB11085R,MPO AB
50305,LABYANTJO,AUTOANTIBODIES TO JO1
50309,LAB11234R,VZV TOTAL AND IGM AB PANEL
50326,LABTBP30,TRANSFUSION BLOOD PRODUCT 31
50329,LABYFT3,"T3, FREE"
50350,LAB11075R,SMOOTH MUSCLE AB
50358,LABFLCR,FREE LIGHT CHAIN RATIO
50360,LABADPCRQ,"ADENOVIRUS REAL TIME PCR,QUANTITATIVE"
50362,LABYTSIG,"TSI, SERUM"
50367,LABCOXPNL,COXSACKIE A AB PANEL
50373,LABCRPLB,"CRYPTOCOCCAL AG LATEX, BLOOD"
50376,LABFCYST,CYSTICERCUS IGG AB
50379,LAB11242R,VZV QUANT
50380,LABTBP44,TRANSFUSION BLOOD PRODUCT 45
50391,LABTBP29,TRANSFUSION BLOOD PRODUCT 30
50393,LABBKVQU,BK VIRUS DNA QUANTITATION
50395,LABTBP20,TRANSFUSION BLOOD PRODUCT 21
50425,LABHV6DNA,HERPES VIRAL 6 DNA QUALITATIVE
50431,LABVITB1P,"VITAMIN B1, PLASMA"
50442,LABSTOBGC,"OCCULT BLD, GUAIAC, STOOL, COLORECTAL SC."
50452,LAB11556R,BLASTOMYCES SEROLOGIES
50477,LABLWBCS2,"LYME WESTERN BLOT, SERUM"
50489,LABREF3,LAB UNLISTED 3
50490,LABYTOPIR,TOPIRAMATE
50493,LAB11145R,"ADULTERANTS SURVEY, URINE"
50499,LABLYMES2,"LYME SCREEN, SERUM"
50504,LABCO2,"CO2, SERUM/PLASMA"
50510,LABCLACT,"LACTIC ACID, CSF"
50511,LABDVERSV,DIRECT VIRAL EXAM RSV
50512,LABYUARS,"ARSENIC FRACTIONATION, URINE"
50516,LABTEGCP,THROMBELASTOGRAPH CLOTTING PROFILE
50520,LABYHISTU,"HISTOPLASMA AG, URINE"
50529,LABFTRPL,"TRIGLYCERIDES, PLEURAL"
50535,LAB11106R,HBE AB
50542,LABCSFLD,"LDH, CSF"
50557,LABYTESFT,"TESTOSTERONE, TOTAL AND FREE"
50562,LABCD4CT,CD4 COUNT
50574,LABTBP27,TRANSFUSION BLOOD PRODUCT 28
50579,LABYUTHC,"TETRAHYDROCANNABINOL, URINE"
50581,LABEITC,TRANSFUSION EMERGENCY ISSUE
50583,LABBUNCR,BUN / CREATININE
50585,LABHCVGE,HEPATITIS C VIRUS GENOTYPING
50588,LABTT,THROMBIN TIME
50607,LABUOROT,"OROTIC ACID, URINE"
50608,LABHA1C,HGB A1C W/ EST MEAN GLUCOSE
50623,LABTBP36,TRANSFUSION BLOOD PRODUCT 37
50627,LABHSAB,HSV VIRAL AB
50638,LABFLUAPX,FLU A PCR REFLEX TO 2009 H1N1
50639,LABYMEXIL,MEXILETINE
50642,LABCRYST,"CRYSTAL ANALYSIS, SYNOVIAL FLUID"
50648,LAB11265R,ENTAMOEBA HISTOLYTICA AG
50649,LABYAMA,"MITOCHONDRIAL AB M2, SERUM"
50651,LABTOXO,TOXOPLASMA SEROLOGY
50654,LABWNVAB,"WEST NILE VIRUS AB PANEL, CSF"
50662,LABB2M,"BETA - 2 - MICROGLOBULIN, SERUM"
50665,LAB11179R,"NICOTINE & METABOLITES, U"
50666,LABIFEDE,"IMMUNOFIXATION IGD AND IGE, SERUM"
50675,LABYWNILE,"WEST NILE VIRUS AB, IGG AND IGM"
50678,LABPROTS,PROTEIN S ACTIVITY
50685,LABGCCR2,GC MOLECULAR DETECTION
50692,LABOLIG,CSF PROTEIN & IMMUNOFIX ELECT.
50711,LABDRPRS,"DONOR, RPR"
50734,LABYLEVT,LEVETIRACETAM
50748,LABFENTA,ENTAMOEBA HISTOLYTICA AB
50761,LABASCA,ASCARIASIS AB
50765,LABDHIVB,DONOR HIV AB
50785,LABIGGSUB,IGG  SUBCLASSES
50792,LABHBPQ,HEPATITIS B PCR QUANTITATIVE
50793,LABYKLFRE,IMMUNO FREE LIGHT CHAINS
50795,LABTBP26,TRANSFUSION BLOOD PRODUCT 27
50809,LABDVEAB,RAPID FLU A/B EIA
50822,LABYCENT,CENTROMERE ANTIBODIES
50833,LAB11562R,LYMPHOCYTIC CHORIOMENINGITI AB
50850,LABYBOH,BETA-HYDROXYBUTYRATE
50865,LABATTG,IGA ANTI  TTG
50866,LABIBD,ANCA INFLAMMATORY BOWEL DISEASE WITH REFLEX
50869,LABOXCMET,OXCARBAZEPINE METABOLITE LEVEL
50876,LAB11120R,"TOXOPLASMOSIS, CSF"
50883,LAB11049R,NEURON SPEC ENOLASE
50885,LABPCEC4,"ISTAT EC4, ARTERIAL"
50897,LABNORW,"NOROVIRUS ANTIGEN, STOOL EIA"
50899,LABFHHV7,HERPES VIRUS 7 IGG AND IGM AB
50900,LABVWSCN,VON WILLEBRAND SCREEN
50901,LABBMAML,"AML PROGNOSIS ASSAY, BONE MARROW"
50903,LABUHEMO,"HEMOSIDERIN, URINE"
50915,LABPROL,PROLACTIN
50920,LABFASAB,FASCIOLA HEPATICA AB
50922,LAB11619R,"VZV PCR, AQUEOUS FLUID"
50926,LABCOHB,CARBOXYHEMOGLOBIN
50929,LABTBP24,TRANSFUSION BLOOD PRODUCT 25
50930,LABSYNCT,"CELL COUNT AND DIFF, SYNOVIAL FLUID"
50934,LAB11069R,ALDOLASE
50942,LABTBP23,TRANSFUSION BLOOD PRODUCT 24
50946,LABYPARVO,PARVOVIRUS B19 IGG AND IGM AB
50947,LABYFLUZ,FLUCONAZOLE LEVEL
50948,LABEGFRP,EGFR GENE MUTATION PANEL
50961,LABYCHRA,CHROMOGRANIN A
50962,LABBCRABL,"BCR - ABL, BLOOD"
50974,LABYMETHS,METHSUXIMIDE
50988,LABFBILA,"BILIRUBIN TOTAL, FLUID"
51004,LAB11093R,SCL 70 AB
51008,LAB11044R,IL6
51009,LABIOPTH,INTRA OPERATIVE PTH
51013,LABYSTNA,"SODIUM, STOOL"
51020,LABYUVMA,"VANILLYMANDELIC ACID, URINE"
51026,LABANCA,NEUTROPHIL CYTOPLASMA REFLEX AB PANEL
51036,LABCHMISC,MISCELLANEOUS CHEMISTRY
51039,LABTOXOP2,TOXOPLASMOSIS PCR
51042,LABYPYRU,PYRUVIC ACID
51044,LABLEGA,"LEGIONELLA CULTURE, ACID"
51046,LABAACSF,"AMINO ACIDS, CSF"
51047,LABYJCPCR,"JC VIRUS DNA, PCR"
51053,LABYVWM,VON WILLEBRAND MULTIMERS
51055,LABHEPDAB,HEPATITIS D VIRUS AB TOTAL
51066,LABYAMNOR,AMITRIPTYLINE AND NORTRIPTYLINE
51086,LABYTAT,THROMBIN - ANTITHROMBIN COMPLEX
51088,LABUKT,"POTASSIUM, URINE (TIMED)"
51110,LABGASBLD,OCCULT BLOOD GASTRIC
51111,LABFHTLVQ,HTLV-1/2  DNA QUALITATIVE
51120,LABYSTFR,SOLUBLE TRANSFERRIN RECEPTOR
51136,LAB11027R,IMMUNE COMPLEXES
51137,LABPB,PHENOBARBITAL LEVEL
51140,LABUPOR,"PORPHYRINS FRACTIONATED, URINE"
51142,LABYHMPVP,HUMAN METAPNEUMOVIRUS PCR
51143,LABPFCATE,CATECHOLAMINES FRACTIONATED
51160,LABFSYN,FUNGAL SYNERGY
51166,LABACRBLO,ACETYLCHOLINE BLOCKING AB
51168,LABCDPLI,COLD AGGLUTININ SCREEN
51176,LABTOBPOL,TOBRAMYCIN PEAK LEVEL
51189,LAB11340R,ADAMTS 13 PROFILE
51192,LABYUCORT,"CORTISOL FREE, URINE"
51200,LABHBCA,IGM ANTI-HBC
51205,LABYMGEA,MYASTHENIA GRAVIS EVALUATION ADULT
51224,LABGNTPOL,GENTAMICIN PEAK LEVEL
51244,LABCELDIS,CELIAC DISEASE SYSTEM
51252,LABTBP40,TRANSFUSION BLOOD PRODUCT 41
51253,LAB11081R,GASTRIN
51256,LABUPBGQT,"PORPHOBILINOGEN QUANTITATIVE, URINE"
51280,LAB11343R,SRA UNFRACTIONATED HEPARIN
51282,LABPROTSF,"PROTEIN S, FREE"
51314,LABFLL,FSH
51315,LAB11102R,VITAMIN E
51333,LABYAHA,HISTONE ANTIBODIES
51348,LAB11036R,"FIBRINOGEN, QUANT"
51350,LAB11576R,COBALAMIN C DEFICIENCY(MMACHC)
51357,LABT1517,"T(15;17) PML/RAR, BLOOD"
51390,LAB11013R,PLATELET ANTIBODY ID PANEL
51393,LABYMANG,MANGANESE
51429,LABVISC,"VISCOSITY, SERUM"
51442,LABDVERS,"RSV RAPID ANTIGEN, DIRECT EIA"
51446,LABPTINH,PT INHIBITOR SCREEN
51448,LABYFNA,"SODIUM, FLUID"
51453,LAB11043R,IGD
51457,LAB11045R,LKM AB
51466,LABPROINS,"PROINSULIN, PLASMA"
51477,LABREF4,LAB UNLISTED 4
51489,LABYESTRI,ESTRIOL FREE
51491,LABMTHFR,METHYLENE- THF REDUCTASE
51497,LAB11324R,"CADASIL EVALUATION, COMPLETE"
51511,LABYRICK,RICKETTSIA AB PANEL
51515,LABBCGMIS,BIOCHEM GENETIC MISCELLANEOUS TEST
51516,LABYUALA,"AMINOLEVULINIC ACID, URINE"
51520,LABYFCL,"CHLORIDE, FLUID"
51536,LABYLEADB,"LEAD, BLOOD"
51553,LABTBP31,TRANSFUSION BLOOD PRODUCT 32
51555,LAB11095R,LA AB
51559,LABCIMM,"COCCI AB, ID, S"
51560,LABYFFATQ,"FAT, FECAL QUANTITATIVE"
51563,LABADGM,ADENOVIRUS IGG AND IGM AB
51588,LABBONC,BONE CULTURE AND GRAM STAIN
51591,LABGASPH,"PH, GASTRIC"
51598,LABPORS,"PORPHYRINS, SERUM"
51611,LABTBP41,TRANSFUSION BLOOD PRODUCT 42
51615,LABHBPQD,HEPATITIS B PCR QUANTITATIVE DILUTED
51623,LABSICKL,SICKLE CELL PREP
51630,LABYINSFT,INSULIN FREE AND TOTAL
51651,LABCHOHDL,CHOLESTEROL HDL / TOTAL
51656,LAB11214R,"BETA-2 TRANSFERRIN, BF"
51660,LAB11086R,NORTRIPTYLINE LEVEL
51668,LABURPHOS,"PHOSPHATE, URINE (RANDOM)"
51670,LABFCULS,"FUNGAL CULTURE, SKIN/NAIL"
51678,LABYDIGT,"DIGITOXIN, SERUM"
51679,LABFACT13,FACTOR XIII SCREEN
51695,LABPLTFUN,PLATELET FUNCTION SCREEN
51698,LABHDQ,HDL CHOLESTEROL FRACTIONATION
51703,LABABODIS,ABO DISCREPANCY
51724,LABFCHOLA,"CHOLESTEROL, FLUID"
51737,LABDVERO,ROTAVIRUS EIA (DIRECT VIRAL EXAM)
51744,LABYITRA,ITRACONAZOLE LEVEL
51746,LABFACT5,FACTOR V ASSAY
51750,LABAAUR,"AMINO ACIDS, URINE"
51751,LABURMAG,"MAGNESIUM, URINE (RANDOM)"
51773,LABTBP33,TRANSFUSION BLOOD PRODUCT 34
51778,LABVANPOL,VANCOMYCIN PEAK LEVEL
51790,LABYVDRLC,"VDRL, CSF"
51796,LABTBP25,TRANSFUSION BLOOD PRODUCT 26
51799,LABYRS,RSV IGG AND IGM AB
51853,LABROGC,GC CULTURE SCREEN
51874,LABYU5HIA,"5 - OH-INDOLEACETIC AC, URINE"
51875,LABFACT9,FACTOR IX ASSAY
51900,LABLPA,LIPOPROTEIN
51904,LABFCLPN,CHLAMYDIA PNEUMONIAE CULTURE
51916,LABEBVC,EBV CAPSID AG
51920,LABGLF,GLUCOSE FASTING
51923,LABDVEADV,DIRECT VIRAL EXAM ADENO
51930,LABCDPLTI,COLD AGGLUTININ TITER
51931,LABDVEFLB,DIRECT VIRAL EXAM FLU B
51933,LABURGL,"GLUCOSE, URINE (RANDOM)"
51947,LABASPPCP,ASPERGILLUS AB PRECIPITINS
51965,LABRDATBC,REVERSE TO COOMBS B CELLS
51980,LABCRTINE,"CREATINE, SERUM"
51982,LABHEPBG,HEPATITIS B GENOTYPE
52001,LABTBP57,TRANSFUSION BLOOD PRODUCT 58
52026,LABSTPH,"PH, STOOL"
52032,LABRUB,RUBELLA AB IGG
52043,LABYFPHEN,"PHENYTOIN TOTAL AND FREE, PLASMA"
52045,LABCHLAM,CHLAMYDIA TRACHOMATIS / PSITTACI CULTURE
52050,LABACRMOD,ACETYLCHOLINE MOD AB
52077,LABLDL,LDL CALCULATED
52082,LAB11549R,CALIFORNIA ENCEPHALITIS PANEL
52093,LABYUBZC,"BENZODIAZEPINE CONFIRMATION, URINE"
52096,LABHEVM,HEPATITIS E AB IGM PANEL
52108,LABSTRONG,"STRONGYLOIDES IGG AB, ELISA"
52109,LABYCH50,COMPLEMENT TOTAL
52117,LABYUHYME,"HEAVY METALS, URINE"
52121,LABFPARVD,PARVOVIRUS B19 PCR QUALITATIVE REALTIME
52143,LABYHISTC,"HISTOPLASMA AG, CSF"
52152,LABTBP83,TRANSFUSION BLOOD PRODUCT 84
52155,LABTBP28,TRANSFUSION BLOOD PRODUCT 29
52161,LABCSFALB,"ALBUMIN, CSF"
52179,LABISOSR,ISOLATOR CULTURE SPECIAL REQUEST
52190,LABUALBT,"ALBUMIN, URINE (TIMED)"
52194,LABYAMISO,"AMYLASE, PANCREATIC"
52200,LABSYCT,"CELL COUNT, SYNOVIAL FLUID"
52204,LABYCYANI,"CYANIDE, BLOOD"
52215,LABBMTP,BMT PRETRANSPLANT PANEL
52223,LABYAPOE,APOLIPOPROTEIN E GENOTYPING
52226,LABLPDP,LIPID PANEL PLUS RISK
52227,LABTBP45,TRANSFUSION BLOOD PRODUCT 46
52243,LABYC1IN,C1 ESTERASE INHIBITOR AG
52249,LABYUETHC,ETHANOL CONFIRMATION
52262,LABASPERP,ASPERGILLUS AB ID
52278,LABPABN,"POLIO AB, NEUTRALIZATION"
52289,LABFEHRC,EHRLICHIA CHAFFEENSIS AB
52324,LABUURIC,"URIC ACID WITH CREATININE, URINE (RANDOM)"
52332,LABDCGSN,"DONOR, CHAGAS SCN W/REFL"
52336,LABSLIDE,SLIDE SAVE FOR CLINICIAN
52353,LABFPARVO,PARVOVIRUS IGG / IGM AB
52381,LABADIFF,DIFFERENTIAL
52387,LABBMBCRQ,"BCR - ABL QUANTITATIVE, BONE MARROW"
52404,LABYBSAP,"BONE ALKALINE PHOSPHATASE, SERUM"
52406,LABFACT12,FACTOR XII ASSAY
52412,LABYAMIO,"AMIODARONE, SERUM"
52432,LABYGBMGE,"GBM AB, IGG"
52454,LABAAP,"AMINO ACIDS, PLASMA"
52465,LABPLTMAP,PLATELET MAPPING
52468,LABLKM1AB,"LIVER, KID MICROSOME-1 AB, IGG"
52471,LABURAMY,"AMYLASE, URINE (RANDOM)"
52478,LABYHEMOC,HEMOCHROMATOSIS HFE GENE
52479,LABLEGD,"LEGIONELLA CULTURE, DIRECT"
52497,LABHSVG,HSV 1/2 TYPE-SPECIFIC IGG
52518,LABPCEG7O,"ISTAT EG7, OTHER"
52519,LABYFUN,"UREA NITROGEN, FLUID"
52526,LABTBP53,TRANSFUSION BLOOD PRODUCT 54
52535,LABYZINCS,ZINC
52544,LABTOTALC,"PROTEIN C AG, TOTAL"
52552,LAB11080R,GAD AB
52560,LABMOLDS,MOLDS ALLERGY SCREEN
52567,LABFHAN,HANTAVIRUS AB ELISA
52575,LABAMIPRL,AMIKACIN TROUGH LEVEL
52578,LABCEBPA,"DETECTION OF CEBPA, BLOOD"
52591,LABUCLT,"CHLORIDE, URINE (TIMED)"
52597,LABYFVPA,VALPROIC ACID FREE AND TOTAL
52616,LABTBP32,TRANSFUSION BLOOD PRODUCT 33
52620,LABROVRE,VRE SCREEN
52628,LABCIGA,"IGA, CSF"
52631,LABECHIG,"ECHINOCOCCUS AB, IGG"
52641,LABGTOL,GLUCOSE TOLERANCE
52656,LABSYDIFF,"DIFFERENTIAL, SYNOVIAL FLUID"
52674,LABYFCAR,"CARBAMAZEPINE FREE AND TOTAL, SERUM"
52695,LABDVEFLA,DIRECT VIRAL EXAM FLU A
52724,LABPOLYSP,SPUTUM FOR PMNS
52739,LABFTCLO,"T-CELL CLONALITY PCR, FLUID"
52773,LABBRASP,BRONCHOPULMONARY ASPERGILLUS SCREEN
52826,LABTBP37,TRANSFUSION BLOOD PRODUCT 38
52834,LABMONOSC,INFECTIOUS MONO SCREEN
52929,LABYLEPT,LEPTOSPIROSIS AB
52931,LAB11113R,"TOXOPLASMA AB, IGA"
52938,LABRIST,RISTOCETIN COFACTOR
52954,LABINSL,INSULIN UNSPECIFIED
52988,LABHTLVB, HTLV-1/2 AB WESTERN BLOT
53044,LABTBP48,TRANSFUSION BLOOD PRODUCT 49
53077,LABDVEP1,DIRECT VIRAL EXAM PARA 1
53094,LAB11618R,"HSV 1/2 PCR, AQUEOUS FLUID"
53096,LAB11250R,"HHV-8 DNA, QUANT"
53112,LABCYSI,"CYSTICERCOSIS, CSF AND SERUM"
53144,LABBMTCLO,"T-CELL CLONALITY PCR, BONE MARROW"
53207,LABFACT2,FACTOR II ASSAY
53252,LAB11042R,HISTAMINE LEVEL
53282,LABYHMS,"HEAVY METALS SCREEN, BLOOD"
53300,LAB11512R,"CYSTIC FIBROSIS, SEQUENCING"
53308,LABYIFBA,INTRINSIC FACTOR BLOCKING AB
53351,LABUHGB,"HEMOGLOBIN, URINE"
53390,LABTBP50,TRANSFUSION BLOOD PRODUCT 51
53418,LABYANRNP,AUTOANTIBODIES TO U1RNP
53440,LABYNMOG,NMO IGG
53442,LABTBP46,TRANSFUSION BLOOD PRODUCT 47
53452,LABYUMERC,"MERCURY, URINE (TIMED)"
53574,LABIGGS3,IGG  SUBCLASS 3
53583,LABYTTGG,"TRANSGLUTAMINASE IGA AND IGG AB, TISSUE"
53620,LABYSTCL,"CHLORIDE, STOOL"
53672,LABBTHSQ,BETA THALASSEMIA SEQUENCING
53679,LAB11077R,CALCITONIN
53699,LABCMVG,CMV GENOTYPE
53708,LAB11531R,PARANEOPLASTIC AB SCREEN
53721,LABGH,GROWTH HORMONE
53725,LABCLCR2,CHLAMYDIA MOLECULAR DETECTION
53726,LABFCD34,"CD34 PANEL, FLUID"
53751,LABYLACTS,"LACTOFERRIN DETECTION, STOOL"
53760,LABFACT11,FACTOR XI ASSAY
53766,LAB11525R,MUSCLE TYROSINE KINASE AB
53788,LABKWB,"POTASSIUM, WHOLE BLOOD"
53814,LABCDIFF,"DIFFERENTIAL, CSF"
53832,LABVWFPI,VON WILLEBRAND PROTEASE INHIBITOR
53870,LAB11527R,SPINAL MUSCULAR ATROPHY DIAGNO
53927,LAB11139R,CARDIAC REJECTION RISK
53978,LABTBP55,TRANSFUSION BLOOD PRODUCT 56
54000,LABCKITMU,DETECTION OF C-KIT MUTATIONS
54062,LABSWTCL,"CHLORIDE, SWEAT"
54066,LABYCHAGA,"TRYPANOSOMA CRUZI AB, IGG"
54107,LABPSAU,POST-THERAPY PSA
54138,LABIGGS1,IGG SUBCLASS 1
54162,LABLDLD,DIRECT LDL CHOLESTEROL
54205,LABUMAGT,"MAGNESIUM, URINE (TIMED)"
54245,LABLEISAB,"LEISHMANIA AB, IFA"
54271,LABYBRUC,BRUCELLA IGG AND IGM AB
54279,LABTBP70,TRANSFUSION BLOOD PRODUCT 71
54318,LABFTBLYM,"T SUBSETS AND B LYMPHOCYTES, FLUID"
54320,LABYCLOZ,"CLOZAPINE, SERUM"
54326,LABURURIC,"URIC ACID, URINE (RANDOM)"
54329,LABYSEROT,"SEROTONIN, SERUM"
54330,LABYC4F,C4 COMPLEMENT FUNCTIONAL
54340,LABUMYOSC,"MYOGLOBIN SCREEN, URINE"
54349,LABYHGH,"GROWTH HORMONE, SERUM"
54351,LABPBGD,"PBG DEAMINASE, RBC"
54404,LABTBP34,TRANSFUSION BLOOD PRODUCT 35
54409,LABYIMIPR,IMIPRAMINE AND DESIPRAMINE
54420,LABNEURON,"NEURONAL CELL AB, SERUM"
54424,LABRBCENZ,RED CELL ENZYMES
54458,LABKRAS,KRAS MUTATION DETECTION
54486,LABGENC,GENITAL CULTURE
54517,LABFECHO,"ECHOVIRUS AB, SERUM"
54549,LAB11096R,"ALPHA 1 ANTITRYPSIN, STOOL"
54578,LABYFCHYL,"LIPID ANALYSIS, BODY FLUID"
54580,LABYDHEAS,"DEHYDROEPIANDROSTERONE, SULFATE"
54585,LABCYSCSF,"CYSTICERCUS AB REFLEX PANEL, CSF"
54613,LABHIBCV,DONOR HIV1 / HBV / HCV NAT
54614,LABYLEGS,"LEGIONELLA PNEUMOPHILA, AB"
54626,LABCDAS,CELIAC DISEASE SCREEN
54629,LABYHCCSF,"HCG BETA-SUBUNIT QUANTITATIVE, CSF"
54668,LABPGN,PROGESTERONE
54737,LABFURICA,"URIC ACID, FLUID"
54746,LABCYAB,CYSTICERCUS AB
54753,LABYAT3AG,"ANTITHROMBIN AG, PLASMA"
54773,LAB11518R,BCR-ABL1 KINASE DOMAIN MUT ANL
54784,LABCLGCT2,"CHLAMYDIA GC, PAP FLUID"
54792,LABYFK,"POTASSIUM, FLUID"
54801,LAB11153R,"HERPES VIRUS 6 DNA, QUANT"
54802,LABTBP82,TRANSFUSION BLOOD PRODUCT 83
54814,LABYANTSM,AUTOANTIBODIES TO SM
54816,LABTBP43,TRANSFUSION BLOOD PRODUCT 44
54841,LABYAVH,ARGININE VASOPRESSIN (ADH)
54855,LABYHISTA,"HISTAMINE, SERUM"
54861,LABFILAB,FILARIA IGG4 AB ELISA
54869,LABYEMA,"ENDOMYSIAL ANTIBODIES, SERUM"
54890,LABFFIBN,FETAL FIBRONECTIN
54891,LABTBP80,TRANSFUSION BLOOD PRODUCT 81
54894,LABCRDVBG,"VENOUS BLOOD GASES, CORD BLOOD"
54902,LABYSMG,"MAGNESIUM QUANTITATIVE, FECES"
54909,LABYDNBT,ANTI - DNASE B TITER
54922,LABPORFEC,"PORPHYRINS FRACTIONATED, FECAL"
54936,LABCYSBLD,"CYSTICERCUS AB REFLEX PANEL, SERUM"
54951,LABTBP56,TRANSFUSION BLOOD PRODUCT 57
54969,LABC4C8,"CD4 / CD8 PANEL, BLOOD"
54979,LABTBP49,TRANSFUSION BLOOD PRODUCT 50
55006,LABTXCAB,TOXOCARA AB ELISA
55022,LABBM1418,"T(14;18), BONE MARROW"
55064,LABAGAP,ANION GAP
55069,LAB11610R,"DONOR, HTLVS(QNS/LIPEMIC ONLY)"
55071,LAB11269R,ACETYL RECEPTOR AB PANL
55072,LABYANTIN,INSULIN ANTIBODIES
55109,LABYPR3,PROTEINASE 3 AUTOANTIBODIES
55126,LABYDESIP,"DESIPRAMINE, SERUM"
55142,LABCANNAB,"NEURONAL NUCLEAR AB, CSF"
55174,LABYHAET,HEMOPHILUS INFLUENZA IGG
55205,LABHDL,"HDL, SERUM"
55603,LABBCRKDM,BCR - ABL KINASE DOMAIN MUTATION ANALYSIS
55611,LAB11088R,PP
55652,LABYCMBP,"MYELIN BASIC PROTEIN, CSF"
55676,LABGLWB,"GLUCOSE, WHOLE BLOOD"
55697,LABSTAND,STANDARD PRE TRANSPLANT PANEL
55707,LABDCMVL,DONOR CMV AB (LIVING)
55728,LABAID,AEROBIC ORGANISM ID
55765,LABTBP42,TRANSFUSION BLOOD PRODUCT 43
55905,LABFUNDAP,FUNGAL DISEASE AB PANEL
55912,LABMEP,MEDICAL EMERGENCY PANEL
55963,LABYTRAB,TSH RECEPTOR AB
55967,LAB11240R,MEASLES IGG
56047,LABGDMSCR,GLUCOSE GDM SCREEN
56094,LABYFRUCM,FRUCTOSAMINE
56158,LABYUBBC,"BARBITURATE CONFIRMATION, URINE"
56181,LAB11855R,"HEPATITIS C VIRAL RNA, QUANT"
56191,LABTBP47,TRANSFUSION BLOOD PRODUCT 48
56196,LABFDIFF,"DIFFERENTIAL, BODY FLUID"
56324,LABFT4ED,FREE T4 BY EQUILIBRIUM DIALYSIS
56334,LABCHON,"A/HYPOCHONDROPLASIA, SERUM"
56407,LAB11175R,"LIPASE,BF"
56411,LAB11025R,"C1 INHIBITOR, QUANT"
56423,LABLEMSAB,LEMS AUTOAB
56441,LABYARSNC,"ARSENIC, BLOOD"
56444,LABTHG,THYROGLOBULIN
56502,LABUORG,"ORGANIC ACIDS, URINE"
56523,LABYUAMC,"AMPHETAMINES CONFIRMATION, URINE"
56566,LABUPHOST,"PHOSPHORUS, URINE (TIMED)"
56580,LABGNTUNL,GENTAMICIN SINGLE DAILY DOSE LEVEL
56583,LABBFCTS,"CELL COUNT, BODY FLUID"
56609,LABYUALDO,"ALDOSTERONE, URINE"
56664,LABTBP59,TRANSFUSION BLOOD PRODUCT 60
56699,LABBM1517,"T(15;17) PML/RAR, BONE MARROW"
56707,LABC1INHF,C1 ESTERASE INHIBITOR FN
56725,LABTBP51,TRANSFUSION BLOOD PRODUCT 52
56763,LABYCLON,"CLONAZEPAM, SERUM"
56775,LABYENTE,YERSINIA ENTEROCOLITICA AB
56786,LAB11182R,NICOTINE & METABOLITES
56794,LABE2O,ESTRADIOL
56801,LABMALL1,MISCELLANEOUS ALLERGEN 1
56813,LABTBP65,TRANSFUSION BLOOD PRODUCT 66
56831,LABNASC,NP / NASAL CULTURE
56867,LAB11127R,CASPOFUNGIN LEVEL
56870,LABTSMISI,UNLISTED TRANSFUSION TEST
56877,LABRIPA,RISTOCETIN INDUCED PLATELET AGGREGATION
56880,LAB11000R,"CEA, PANCREATIC CYST"
56890,LAB11551R,NK FUNCTION
56903,LABGDGP,IGG ANTI DGP
56906,LABHYPP,HYPERSENSITIVITY PNEUMONITIS SCREEN
56939,LABSHIVAB,RAPID HIV-1 AB
56972,LAB11566R,"ENTEROVIRUS RNA, QUAL"
57000,LABDBQ,DIRECT LIPID FRACTIONATION
57001,LABMALAB,"MALARIA AB SCREEN, IFA, SERUM"
57009,LABDVEP2,DIRECT VIRAL EXAM PARA 2
57021,LABHSCUL,HERPES SIMPLEX CULTURE ONLY
57044,LABDVEP3,DIRECT VIRAL EXAM PARA 3
57055,LABYIGF2,INSULIN LIKE GROWTH FACTOR II
57071,LAB11037R,FLECAINIDE LEVEL
57081,LABSTOBID,"OCCULT BLD, IMMUNO, STOOL, DIAG TEST"
57083,LABYASU,ALPHASUBUNIT PITUITARY MARKER
57129,LABGYN,PAP SMEAR
57143,LAB11198R,VIT A & VIT E
57156,LAB11229R,"METANEPHRINE,FRACT,RANM U"
57277,LABALPHA2,ALPHA-2-ANTIPLASMIN
57363,LABYTRYPS,TRYPSIN-LIKE IMMUNOREACTIVITY
57364,LABUMAG,"MAGNESIUM WITH CREATININE, URINE (RANDOM)"
57425,LABUBICAR,"BICARBONATE, URINE"
57462,LAB11607R,"COENZYME Q10, REDUCED & TOTAL"
57473,LABLAS,LYMPHOCYTE AG STIMULATION SCREEN
57541,LABTBP68,TRANSFUSION BLOOD PRODUCT 69
57546,LAB11526R,K CHANNEL AB
57553,LABYLAP,LEUKOCYTE ALKALINE PHOSPATASE SCORE
57581,LABYUHOMO,"HOMOCYSTEINE TOTAL, URINE"
57595,LABPENALL,PENICILLIN ALLERGY SCREEN
57599,LABMGMT,"MGMT, METHYLATION SPECIFIC PCR"
57669,LAB11438R,CHLAMYDIA TRACHOMATIS CULTURE
57703,LABCDPLTI,COLD AGGLUTININ TITER
57715,LABF8POR,FACTOR VIII INHIBITOR PORCINE
57716,LABRDATAC,REVERSE TO COOMBS A CELLS
57719,LABYVITB6,VITAMIN B6
57766,LABYTADID,TRICYCLIC ANTIDEPRESSANT SCREEN
57778,LABPT12,PROTHROMBIN FRAGMENT 1 AND 2
57786,LABBMBCLO,"B - CELL CLONALITY PCR, BONE MARROW"
57787,LAB11132R,DONOR HEP B SURF. AG
57788,LABARIX,ARIXTRA
57790,LABYFMG,"MAGNESIUM, FLUID"
57791,LABYACIGA,"CARDIOLIPIN AB, IGA"
57806,LABYUCC,COCAINE CONFIRMATION
57807,LABYCLAMP,CHLAMYDIA SPECIES SEROLOGY FOR RESPIRATORY
57817,LABVD25H,"VITAMIN D, 25-HYDROXYVITAMIN"
57818,LABDIFF,SLIDE DIFFERENTIAL
57851,LAB11299R,SULFONYLUREA HYPOGLYCEMICS
57874,LABCCT,"CELL COUNT, CSF"
57879,LABTMONA,TRICHOMONAS EXAM
57890,LABSEZPNL,SEZARY PANEL
57899,LABPROTPM,PRO-PREDICT TPMT
57915,LABHIVA2,HIV - 2 AB
57945,LABTBP64,TRANSFUSION BLOOD PRODUCT 65
57953,LABPENTO,PENTOBARBITAL LEVEL
57959,LABTT1517,"T(15;17) PML/RAR, TISSUE"
57963,LABYCHRBC,"ACETYLCHOLINESTERASE, RBC"
57964,LABPARAG,"PARAGONIMIASIS ANTIBODY, ELISA"
57966,LAB11322R,MOTOR NEUROPATHY AB SCREEN
57972,LABTBP60,TRANSFUSION BLOOD PRODUCT 61
57992,LABYARBIN,ACH RECEPTOR BINDING AB
57993,LABYFLUO,5 - FLUCYTOSINE
58013,LABHEVG,HEPATITIS E AB IGG PANEL
58015,LABCF32,CYSTIC FIBROSIS MUTATION STUDY
58022,LAB11567R,"HTLV-I/II AB, CSF"
58029,LABISOHTI,ISOHEMAGGLUTININ TITER
58039,LABCIGMT,"IGM, CSF"
58041,LAB11137R,"HSV AB, IMMUNOBLOT"
58050,LABTBP58,TRANSFUSION BLOOD PRODUCT 59
58058,LABBMBCR,"BCR - ABL, BONE MARROW"
58064,LABYDROTC,DRUG SCREEN PRESCRIPTION / OTC
58071,LAB11101R,VITAMIN C
58085,LABROSBBP,R/O STREP BETA GP B BY PCR
58094,LABYT7P,FREE THYROXINE INDEX
58095,LABYHIST,HISTOPLASMA AB SCREEN
58107,LABTBP52,TRANSFUSION BLOOD PRODUCT 53
58109,LABTBP63,TRANSFUSION BLOOD PRODUCT 64
58131,LABYCEAC,"CEA, CSF"
58141,LABYLYSO,"LYSOZYME, PLASMA"
58145,LAB11617R,"CMV PCR, AQUEOUS FLUID"
58148,LABREF5,LAB UNLISTED 5
58149,LABSTOBIC,"OCCULT BLD, IMMUNO, STOOL, COLORECTAL SC."
58152,LABPNAB,PNEUMOCOCCAL AB (PNEUMOVAX RESPONSE)
58157,LABUB2MG,"BETA - 2 - MICROGLOBULIN, URINE"
58160,LABFAMYA,"AMYLASE, ASCITES"
58164,LABTBP69,TRANSFUSION BLOOD PRODUCT 70
58166,LAB11444R,RESPIRATORY VIRAL PANL PCR
58215,LABATHAL,ALPHA THALASSEMIA PCR
58228,LABYUCITR,"CITRATE EXCRETION, URINE"
58244,LABYTESFB,"TESTOSTERONE, TOTAL, BIO, FREE"
58263,LABYENABE,"EXTRACTABLE NUCLEAR AG EVALUATION, SERUM"
58279,LABYRIBAB,RIBOSOMAL P PROTEIN AB
58285,LABYBLAS,BLASTOMYCES AB
58296,LABTBP61,TRANSFUSION BLOOD PRODUCT 62
58309,LABYUOXAL,OXALATE URINE (TIMED)
58316,LABASPID,"ASPERGILLUS AB, ID, S"
58336,LAB11593R,ETHYLENE GLYCOL
58337,LABABC,AUTOMATED BLOOD COUNT
58338,LABG6PDQT,G6PD QUANTITATIVE
58358,LABTBP71,TRANSFUSION BLOOD PRODUCT 72
58365,LABYAFCSF,"ALPHA FETOPROTEIN, CSF"
58374,LABMAGATH,MAG AUTOAB
58377,LAB11039R,GBM AB
58396,LABDPARE,DIRECT PARASITE EXAM
58399,LAB11373R,MARFAN(FBN1) SEQUENCING
58434,LABYBILEA,BILE ACIDS TOTAL
58439,LABFRAB,FRANCISELLA TULARENSIS AB
58443,LABYESTRO,ESTROGENS E1 AND E2 FRACTIONATED
58488,LABYTBG,THYROXINE BINDING GLOBULIN
58508,LABVLDL,VLDL (CALCULATED)
58548,LABG6PD,G6PD SCREEN
58573,LABTBP54,TRANSFUSION BLOOD PRODUCT 55
58587,LABECL,EUGLOBULIN CLOT LYSIS
58597,LABIMM2,IMMUNOLOGY PANEL 2
58639,LABYUARSR,"ARSENIC, URINE (RANDOM)"
58649,LABYBABE,BABESIA MICROTI IGG AND IGM AB
58671,LABNVHHA,"VH HYPERMUTATION ASSAY, NON-BLOOD"
58676,LABTBP81,TRANSFUSION BLOOD PRODUCT 82
58694,LABYFACE,FATTY ACID PROFILE ESSENTIAL
58695,LABCARN,CARNITINE FREE AND TOTAL
58696,LABAVIN,HIV-1 INTEGRASE RESISTANCE
58723,LAB11225R,"LEAD,U"
58733,LABUCARN,"CARNITINE, URINE"
58742,LABRAAS,RHEUMATOID ARTHRITIS AB SCREEN
58745,LAB11029R,CADMIUM
58767,LAB11090R,PARIETAL CELL AB
58790,LABPLTAGG,PLATELET AGGREGATION
58792,LABIGGS2,IGG  SUBCLASS 2
58804,LABLMS,LYMPHOCYTE MITOGEN SCREEN
58830,LAB11522R,HU AB
58832,LABCRDABG,"ARTERIAL BLOOD GASES, CORD BLOOD"
58877,LABYCPYRU,"PYRUVATE, CSF"
58930,LABPSACX,PSA WITH REFLEX COMPLEXED PSA
59048,LABFHIVQA,"HIV-1 DNA, QUALITATIVE PCR"
59049,LAB11017R,BRUCELLA AB SCREEN
59050,LABYDIAZE,DIAZEPAM AND NORDIAZEPAM
59115,LABTBP62,TRANSFUSION BLOOD PRODUCT 63
59116,LABBM1114,"T(11;14) BY PCR,BONE MARROW"
59144,LABYSTRYP,"TRYPSIN, FECAL"
59206,LAB11073R,APO B
59226,LABYUPCPC,"PHENCYCLIDINE CONFIRMATION, URINE"
59270,LABRBCMOR,"RBC MORPHLOGY, COMPLETE"
59418,LABYDGIGA,"GLIADIN (DEAMIDATED) IGA,SERUM"
59463,LABYICP,IMMUNE COMPLEX PANEL
59638,LABYTETT,TETANUS TOXOID IGG AB
59765,LABFCHGA,A. PHAGOCYTOPHILUM AB
59993,LABKBST,KLEIHAUER - BETKE STAIN
60014,LABYRUBM,RUBELLA AB IGM
60138,LABYP4AB,PARAINFLUENZA AB
60203,LABYPA,PROCAINAMIDE
60258,LABTHIOMT,THIOPURINE METABOLITES
60265,LABTBP66,TRANSFUSION BLOOD PRODUCT 67
60306,LABH1N1PC,"2009 H1N1 PCR, H274Y MUTATION"
60337,LABADIFFS,DIFFERENTIAL AND SLIDE REVIEW
60385,LABYCDTN,CARBOHYDRATE DEFICIENT TRANSFERRIN
60388,LABFBCLO,"B - CELL CLONALITY PCR, FLUID"
60423,LABUHVA,"HOMOVANILLIC ACID, URINE"
60431,LABTMSI,MICROSATELLITE INSTABILITY
60438,LABDONLAI,DONATH LANDSTEINER
60464,LABTBP75,TRANSFUSION BLOOD PRODUCT 76
60469,LABUURICT,"URIC ACID, URINE (TIMED)"
60491,LABBKDNA,BK VIRUS DNA PCR
60495,LABTRICHG,TRICHINELLA IGG AB ELISA
60544,LABUELP,"ELECTROLYTE PANEL, URINE W/O CREATININE"
60588,LABASPR,"ASPERGILLUS AB, CF, S"
60590,LAB11055R,PROPAFENONE LEVEL
60669,LAB11091R,QUINIDINE LEVEL
60671,LABTRAZO,TRAZODONE
60701,LABGBMIGA,"GBM AB, IGA"
60715,LABREF6,LAB UNLISTED 6
60771,LABTBP79,TRANSFUSION BLOOD PRODUCT 80
60827,LABC153,CANCER AG 15-3
60840,LABTCLON,"T-CELL CLONALITY PCR, BLOOD"
60850,LAB11040R,HEPARIN COFACTOR
60862,LABTBP67,TRANSFUSION BLOOD PRODUCT 68
60898,LABSEZ,SEZARY CELL SCREEN
60927,LABY17OHP,"17 - HYDROXYPROGESTERONE, SERUM"
60968,LABFSFTA,TREPONEMA PALLIDUM AB
60973,LABTTRMET,AMYLOIDOSIS DNA TITER
60976,LABMELAS,MELAS MTDNA PROFILE
61000,LAB11190R,BORRELIA HERMSII AB PANL
61009,LAB11253R,HELICOBACTER PYLORI AGA AB
61051,LABMYCOC,"MYCOPLASMA CULTURE, FASTIDIOUS"
61062,LABVWNTRP,"INTERPRETATION, VW SCREEN"
61090,LAB11540R,OTC SEQUENCING
61140,LABTBP78,TRANSFUSION BLOOD PRODUCT 79
61141,LABROMRSP,R/O MRSA BY PCR
61151,LABHBODY,HEINZ BODY PREP
61180,LABME,RUBEOLA VIRAL AB
61187,LABMISPRO,MISCELLANEOUS PROCESSING
61242,LABY5NUC,5 - NUCLEOTIDASE
61273,LABTBP77,TRANSFUSION BLOOD PRODUCT 78
61314,LABARBO,"ARBOVIRUS AB PANEL, IFA (TITER)"
61321,LABLIVER,PRE LIVER TRANSPLANT PANEL
61363,LABFSPG,"SPECIFIC GRAVITY, FLUID"
61384,LABCEPLUS,CELIAC PLUS
61409,LABTBP73,TRANSFUSION BLOOD PRODUCT 74
61418,LABBCLON,B - CELL CLONALITY PCR
61481,LABTBP72,TRANSFUSION BLOOD PRODUCT 73
61506,LABHEPAT,HEPATIC PROFILE
61512,LABTBP74,TRANSFUSION BLOOD PRODUCT 75
61571,LABYUPPP,"PURINE AND PYRINIDINE PANEL, URINE"
61626,LABBBPRH,RHO(D) IMMUNE GLOB (RHOGAM)
61645,LAB11238R,HERPESVIRUS-8 IGG AB
61692,LAB11529R,ENCEPHALITIS AB SCREEN
61826,LAB11123R,"COCCI CF AB, CSF"
61837,LABLPD,LIPID PANEL WITH DIRECT LDL
61842,LABCDTPCR,"C.DIFF TOXIN B GENE, QUAL. REAL-TIME PCR"
61843,LABEBPCRQ,EBV PCR QUANTITATIVE
61844,LAB11824R,BUSULFAN
61846,LABCMV,CMV AB IGG
61849,LAB11131R,VORICONAZOLE LEVEL
61850,LABFLGL,"GLUCOSE, FLUID"
61853,LABCMVPQ,"CMV DNA PCR QUANT, PLASMA"
61855,LABMPOPR3,ANCA MPO / PR - 3M IGG
61857,LABPCACTK,ISTAT ACTIVATED CLOTTING TIME
61858,LABMYCPA,MYCOPHENOLIC ACID
61864,LABHIVWBL,ANTI-HIV
61973,LABCMVP,"CMV DNA PCR QUAL, NON-PLASMA"
61997,LABHMET,"HEAVY METALS SCREEN, BLOOD"
62000,LABSTOOLC,STOOL CULTURE
62011,LABHIVQ2,HIV-1 RNA PCR QUANTITATIVE
62017,LABCMVM,CMV AB IGM
62019,LABHITAB,HEPARIN (HIT) AB
62023,LABDVERVP,RESPIRATORY DFA PANEL
62028,LABYPROIN,"PROINSULIN, PLASMA"
62029,LABHCVA,HEPATITIS C AB IGG
62034,LABHDLGGE,HDL GRADIENT GEL ELECTROPHORESIS
62038,LABDVEHV,HSV/VZV DFA
62040,LAB11071R,MITOCHONDRIAL AB
62041,LABARI,ABO/RH (ARI)
62042,LABPROCT,PROCALCITONIN
62046,LAB11060R,THIAMINE
62051,LABLEVETL,LEVETIRACETAM LEVEL
62054,LAB11098R,1 25 OH VITAMIN D
62058,LABHAVT,ANTI-HAV
62071,LABADMARK,"ADMARK TAU/AB42, CSF"
62072,LABABTITI,AB TITER
62074,LABYHABQ,HEP B SURF AB QUANT
62076,LABFLUAPC,FLU A PCR
62078,LABBKVPCU,"BK VIRUS PCR, QUANT, URINE"
62096,LABAVRT,HIV-1 GENOTYPE & ANTIVIR RESIST
62099,LABIGF,INSULIN-LIKE GROWTH FACTOR 1
62100,LABDVERVR,RESP DFA PANEL-REFLEX PCR
62102,LAB11049R,NSE
62103,LABSHIV12,RAPID HIV-1/2 ANTIBODY
62104,LABDVEIAR,FLU A DFA-REFLEX PCR
62105,LABTSHFT4,TSH W/ REFLEX FT4
62106,LABTOXO,TOXOPLASMA IGG
62107,LABSSBABY,ANTI-LA ANTIBODY
62114,LAB11092R,RENIN
62115,LAB11099R,VIP
62118,LABRNPABY,ANTI-RNP ANTIBODY
62121,LABBKVPC,"BK VIRUS PCR, QUANT, PLASMA"
62124,LABANTIXA,"LMW HEPARIN, ANTIXA U/ML"
62129,LABCKITMU,DETECTION OF C-KIT MUTATIONS
62130,LABMMAS,"METHYLMALONIC ACID, SERUM"
62134,LABEBVQP,"EBV PCR QUANT, PLASMA"
62139,LABRMPCR,RSV/MPV PCR
62150,LAB11129R,KETOCONAZOLE LEVEL
62151,LABLACWB,"LACTATE, WHOLE BLOOD"
62156,LABLAMOL,LAMOTRIGINE LEVEL
62158,LABYEBPCR,"EPSTEIN BARR VIRUS PCR, FLUIDS"
62163,LABTTCLO,"T-CELL CLONALITY PCR, TISSUE"
62182,LAB11041R,FREE HEMOGLOBIN
62184,LABADAMTS,ADAMTS-13 PROFILE
62186,LABDT,DIPHTHERIA AND TETANUS AB IGG
62187,LABSTDY1,STUDY TEST
62191,LABDVEIBV,FLU B DFA
62197,LAB11097R,"TSH RECEPTOR AB, STIM"
62203,LABTBPCRS,"M. TUBERCULOSIS PCR, SPECIMEN"
62204,LABASI,AB SCREEN (ASI)
62210,LABDVEMP,MPV DFA
62211,LAB12230R,SOLUBLE IL 2R
62213,LABSMABY,ANTI-SM ANTIBODY
62218,LABIBD,ANCA
62222,LAB11136R,HTLV AB
62223,LABFLK,"POTASSIUM, FLUID"
62230,LABSCLABY,ANTI-SCL70 ANTIBODY
62234,LAB11606R,CYTOCHROME P450 2D6 GENOTYPE
62237,LABH1N1PC,"2009 H1N1 PCR, H275Y MUTATION"
62242,LABSHSTGS,SHC STAT GRAM STAIN
62244,LAB12322R,VON WILLEBRAND MULTIMERS
62250,LAB11860R,VASCULAR ENDOTHELIAL GROW.FACT
62255,LAB11984R,NIACIN
62259,LABIBDDI,IBD DIAGNOSTIC SYSTEM
62268,LAB12232R,THYROGLOBULIN & THYROID AB
62270,LABDVEAV3,ADENO DFA
62274,LABAG,ALBUMIN / GLOBULIN RATIO
62277,LAB11019R,"MYELIN BASIC PROTEIN, CSF"
62280,LABBACIDS,"BACTERIA ID BY SEQUENCING, SPECIMEN"
62282,LABHCVGEN,HEPATITIS C (HCV) GENOTYPE
62292,LABEGFRP,EGFR GENE MUTATION PANEL
62293,LABDVERV3,RSV DFA
62303,LABJO1ABY,ANTI-JO1 ANTIBODY
62313,LAB11991R,"DNA EXTRACTION, NPL"
62322,LABFHVIG,"HIV-1 AB, WESTERN BLOT"
62326,LABVIRSO1,MISC. VIROLOGY TEST
62344,LAB11437R,IBD DIAGNOSTIC
62360,LABDVEIAV,FLU A DFA
62375,LAB11140R,MATERNAL SCREEN
62376,LABSTPCR,THROAT STREP SCREEN BY PCR
62378,LABVCAIGG,EBV VIRAL CAPSID ANTIGEN IGG
62380,LAB11056R,FREE CORTISOL
62381,LABAMIPOL,AMIKACIN PEAK LEVEL
62382,LAB11982R,POSACONAZOLE
62390,LAB12234R,VOLATILES
62395,LAB12238R,LACOSAMIDE
62401,LABE2O,ESTRADIOL
62404,LABYSOMAT,SOMATOSTATIN
62405,LAB12236R,IBUPROFEN
62408,LABNBTS,NITROBLUE TETRAZOLIUM RED
62415,LABTOXOAB,TOXOPLASMA IGM & IGG
62422,LABFLCL,"CHLORIDE, FLUID"
62423,LABYRETAB,RETICULIN AB
62432,LAB11357R,FAMILIAL MEDITERRANEAN FEVER
62435,LABT1418,"T(14;18), BLOOD"
62437,LAB11885R,"C. TRACHOMATIS RNA, RECTAL"
62439,LABYSHBG,SEX HORMONE BINDING GLOBULIN
62446,LABSTOBLD,"OCCULT BLD, GUAIAC DIAG, SINGLE"
62447,LAB11899R,"N. GONORRHOEAE RNA, RECTAL"
62448,LABEOSSP,SPUTUM FOR EOSINOPHILS
62449,LABEAIGG,EBV EARLY ANTIGEN IGG
62456,LAB11112R,DONOR TOXOPLASMA AB
62458,LABBRAF,BRAF
62461,LABTBP89,TRANSFUSION BLOOD PRODUCT 90
62478,LAB11851R,"FECAL LIPIDS, TOTAL"
62491,LABTBCLO,"B - CELL CLONALITY PCR, TISSUE"
62492,LABVCAIGM,EBV VIRAL CAPSID ANTIGEN IGM
62493,LAB12214R,"B. BURGDORFERI C6 PEP AB,RFLX"
62504,LABCRTINE,"CREATINE, SER/PLAS"
62507,LABYNICK,"NICKEL, SERUM"
62515,LABYC2729,BCA AB  (CA27.29)
62516,LABMERC,"MERCURY, WHOLE BLOOD"
62518,LABMMIC,UNLISTED MICROBIOLOGY ORDER
62520,LABYSES,"SELENIUM, SERUM"
62523,LABRBP,RETINOL BINDING PROTEIN
62529,LABPLASMN,PLASMINOGEN
62538,LABROSTRO,STRONGYLOIDES CULTURE
62560,LAB11126R,ASCARIASIS
62572,LABPRO6MP,PRO-PREDICT ENZACT
62573,LABHBCM,HEPATITIS B CORE / PRECORE MUTATION
62578,LAB11051R,OLANZAPINE LEVEL
62581,LAB12212R,WA1 IGG AB
62585,LABYFELBA,FELBAMATE
62592,LABPETSIN,PETROSAL SINUS TEST
62594,LABYINH,INHIBIN B
62597,LAB12092R,"PAIN MNGMNT, FENTANYL, QUANT,U"
62604,LABIMM1,IMMUNOLOGY PANEL 1
62606,LAB11871R,"HIV-2 AB, IMMUNOBLOT"
62613,LABBMCD34,"CD34 PANEL, BONE MARROW"
62615,LABACHOO,AIRBORNE ALLERGY SCREEN
62618,LABFHIVQA,HIV-1 PROVIRALL DNA PCR QUAL
62631,LAB11565R,"PARVOVIRUS B19 DNA, QUANT"
62635,LAB11054R,PM1 AB
62642,LABTBP86,TRANSFUSION BLOOD PRODUCT 87
62643,LABYPRIMI,PRIMIDONE AND PHENOBARBITAL
62644,LABFUNIDI,"FUNGI ID BY SEQUENCING, ISOLATE"
62647,LABARS,"ARSENIC, WHOLE BLOOD"
62655,LABYUCLAX,"CATHARTIC LAXATIVE PANEL, URINE"
62661,LABFLNA,"SODIUM, FLUID"
62662,LABTOXOPR,TOXO PREGNANCY PANEL
62664,LABYRISPM,RISPERIDONE AND 9 - HYDROXYRISPERDONE
62671,LABYPTSAB,PHOSPHATIDYLSERINE AB PANEL
62672,LABCSMP,CANCER SOMATIC MUTATION PANEL
62674,LABSNA,SPECIFIC ANA PANEL
62675,LABCFPT,CF POLY T ANALYSIS
62679,LAB11105R,CANDIDA AB
62683,LABCAD,"CADMIUM, WHOLE BLOOD"
62692,LABTT1418,"T(14;18), TISSUE"
62699,LAB11858R,HEPTIMAX(R) HCV RNA
62701,LABYC5REF,C5 COMPLEMENT AG
62716,LABUHIST,"HISTAMINE, URINE"
62722,LAB11989R,LONG QT SYNDROME
62723,LAB12241R,B CELL PHENOTYPING PROFILE
62725,LAB11026R,"C1 INHIBITOR, FUNCT"
62728,LABYHISTA,"HISTAMINE, PLASMA"
62733,LABFCLAB,CHLAMYDIA TRACHOMATIS SEROLOGY FOR OCCULT S
62736,LABICTO,ICTOTEST
62739,LABDUTYPE,WEAK D TYPING
62741,LAB11100R,RIBOFLAVIN
62745,LAB11078R,ACETYLCHOLINESTERASE
62748,LABMPVPCR,MPV PCR
62749,LABROACAN,ACANTHAMOEBA CULTURE
62750,LABFRAGX,FRAGILE X
62770,LABINHA,INHIBIN A DIMER
62771,LABTBP93,TRANSFUSION BLOOD PRODUCT 94
62774,LABBMS,BMT STERILITY SAMPLE
62778,LAB11530R,CEREBELLAR PARANEOPLASTIC AB
62790,LABXHIA,HUMAN INSULIN ANTIBODY
62799,LABTBP91,TRANSFUSION BLOOD PRODUCT 92
62804,LABCFDS,CFTR DIAGNOSTIC SEQUENCING
62807,LABACYLP,ACYLCARNITINE PROFILE QUANTITATIVE
62821,LABMPSQNT,"MUCOPOLYSACCHARIDES QUANTITATIVE, URINE"
62829,LAB11369R,LEUKEMIA/LYMPHOMA IMMUPHENTYP
62832,LAB11615R,SODIUM BENZOATE LEVEL
62833,LAB11887R,"C. TRACHOMATIS RNA, THROAT"
62834,LAB11901R,"N. GONORRHOEAE RNA, THROAT"
62835,LAB11882R,"MAGNESIUM, RBC"
62840,LAB12292R,"T CELL PHENOTYPING, ADVANCED"
62844,LABEP2,LYTES II
62849,LABOSTLC,"OLIGOSACCHARIDES TLC, URINE"
62851,LABHPVPCR,HPV 16/18 TYPING
62852,LAB11534R,MTDNA SCREENING PANEL
62855,LABYPERAB,BORDETELLA PERTUSSIS IGG ABS
62860,LABTCPSA,TOTAL AND COMPLEXED PSA
62862,LABCD3B,"CD3, BLOOD"
62869,LABRSVPCR,RSV PCR
62878,LABCOPYPT,COPY REQUEST
62885,LABYCHROM,CHROMIUM
62889,LABDOXEPI,DOXEPIN AND METABOLITE
62891,LABLDLGGE,LDL GRADIENT GEL ELECTROPHORESIS
62894,LABHBV,HBV GENOTYPE: S AND POL GENE
62897,LAB11170R,PREGABALIN
62901,LABFLUOX,FLUOXETINE AND NORFLUOXETINE
62910,LABYALUM,ALUMINUM
62912,LABY21HYX,"21 - HYDROXYLASE AB, SERUM"
62914,LABFPLTS,"PLATELET COUNT, FLUID"
62917,LAB12099R,"BRUCELLA TOTAL AB,AGGLU (RFLX)"
62926,LABANDRO,"ANDROSTENEDIONE, SERUM"
62934,LABCGD,NEUTROPHIL FUNC. OXI. BURST
62936,LABGHBUR,"GAMMA - HYDROXYBUTYRIC ACID, URINE"
62937,LAB11084R,LORAZEPAM LEVEL
62939,LAB12362R,PARANEOPLASTIC AUTOANTIBODY
62940,LABYLDISO,LD ISOENZYMES
62941,LABYAMIO,AMIODARONE
62945,LAB11057R,TNF
62952,LAB11571R,"CYSTIC FIBROSIS, 97 MUTATIONS"
62958,LAB11058R,TRAZODONE LEVEL
62964,LABYDIPT,DIPHTHERIA TOXOID IGA AB
62966,LABPAI1AT,PAI-1 ACTIVITY
62970,LAB12066R,CRMP-5-IGG WESTERN BLOT
62971,LAB12090R,"HE4, OVARIAN CANCER MONITORING"
62979,LAB11048R,NEURON AB
62980,LAB11608R,MARFAN (FBN1) SEQUENCING
62993,LABYUCD12,CONFIRMED DRUG ABUSE SURVEY 12
62995,LABUTHI,"THIOCYANATE, URINE (RANDOM)"
63001,LABOF,OSMOTIC FRAGILITY
63003,LABGDMTOL,GDM GLUCOSE TOLERANCE
63005,LABARSAL,"ARYLSULFATASE A, LEUKOCYTES"
63007,LABXGAD65,ANTI GAD 65 ANTIBODIES
63011,LAB11863R,ASPIRIN RESISTANCE
63014,LAB11878R,CORTISOL BINDING GLOBULIN
63020,LABYNOB,NEUTROPHIL OXIDATIVE BURST
63024,LABISOBR,ISOLATOR BRUCELLA
63028,LAB11067R,17OH PROG
63032,LABTBP87,TRANSFUSION BLOOD PRODUCT 88
63033,LABPNET2,PNEUMOCOCCAL AB (PREVNAR RESPONSE)
63040,LAB11516R,PANCREATITIS PANEL
63041,LABTBP88,TRANSFUSION BLOOD PRODUCT 89
63046,LABFT3DIA,"T3, FREE, TRACER DIALYSIS"
63050,LABYHALO,"HALOPERIDOL, SERUM"
63056,LABYSCERE,"INFLAMM. BOWEL DISEASE PANEL,S"
63060,LABT1114,T(11;14) BY PCR
63061,LABFT1517,"T(15;17) PML/RAR, FLUID"
63070,LAB11620R,"TOXOPLASMA GONDII, AQUEOUS FLUID"
63073,LABCGMISC,MISCELLANEOUS TEST COAGULATION
63085,LABTBP90,TRANSFUSION BLOOD PRODUCT 91
63089,LABTOXOIM,TOXOPLASMA IGM
63229,LABYCARO,CAROTENE
63270,LABUFCATE,"CATECHOLAMINES, URN FREE"
63271,LAB11570R,SPINAL MUSC ATROPHY CARRIER
63316,LABTBP85,TRANSFUSION BLOOD PRODUCT 86
63367,LABMPSTLC,"MUCOPOLYSACCHARIDES TLC, URINE"
63381,LAB11435R,CELIAC GENETICS
63382,LABRHTYP,RH BLOOD TYPE
63434,LAB11072R,APO A1
63452,LABDVEPI1,PARA 1 DFA
63532,LABTBP92,TRANSFUSION BLOOD PRODUCT 93
63616,LABTBP84,TRANSFUSION BLOOD PRODUCT 85
63637,LABMISCH,MISCELLANEOUS HEMATOLOGY
63709,LAB11053R,"PBG DEAMINASE, RBC"
63714,LABHEPAR,"HEPARIN, UNFRACTIONATED, ANTI XA"
63716,LABCMVIGG,CMV IGG
63718,LABEBVPAN,EPSTEIN-BARR VIRUS AB PANEL
63720,LABVP4,COMP HEPATITIS PANEL
63721,LABBACIDS,"BACTERIA ID BY SEQUENCING, SPECIMEN"
63725,LABSPLAC,SEPSIS PROTOCOL LACTATE
63728,LAB12571R,"FLT3-ITD, FLT3-D835 MUTATIONS"
63729,LABSTLCX,STOOL CULTURE
63730,LABQFTBG,QUANTIFERON TEST FOR LATENT TB
63731,LABANTIXA,LMWH ACTIVITY BY ANTIXA
63732,LAB11085R,MYELOPEROXIDASE ANTIBODY
63733,LABVCULT,"VIRAL CULTURE, TISSUE"
63735,LABVCULR,"VIRAL CULTURE, RESPIRATORY"
63736,LABAPHSA2,ANTI PHOSPHOLIPID AB PANEL
63738,LABVCULS,"VIRAL CULTURE, STOOL/RECTAL"
63739,LABCMVIGM,CMV IGM
63741,LABYHGBP,"HEMOGLOBIN, PLASMA"
63744,LABCMVRO,CMV RULE OUT
63745,LABMASSTA,MASSIVE TRANSFUSION ADULT (>50KG)
63746,LABERUFFP,EMERGENCY RELEASE PLASMA
63747,LABFBBURG,"LYME WESTERN BLOT, CSF"
63749,LABB2GP1,BETA - 2 - GLYCOPROTEIN 1
63752,LABBHB,BETA-HYDROXYBUTYRATE
63753,LAB12605R,"N-METHYL-D-ASPARTATE RECEPTOR AB, IGG"
63755,LAB12206R,CYSTATIN C
63756,LABCENABY,ANTI CENTROMERE ANTIBODY
63758,LABVCUL,VIRAL CULTURE
63759,LABERURBC,EMERGENCY RELEASE RBC
63761,LABEVPCR,ENTEROVIRUS BY PCR
63765,LAB12284R,"LYMPHO PROLIFERATION, AG"
63767,LABHSVCSF,"HSV DNA PCR QUAL, CSF"
63768,LAB12573R,ANCA
63775,LAB12397R,ACETYLCHOLINE BLOCKING AB
63776,LABMGMTB,"MGMT, METHYLATION SPECIFIC PCR, BLOOD"
63777,LABHBSQT,HEP B SURF AB QUANT
63778,LABCMVIGT,CMV IGG (TRANSFUSION)
63780,LABHHV6QT,HHV-6 PCR QUANT
63781,LABUCORT,"FREE CORTISOL, URINE (TIMED)"
63782,LABTOXGM,TOXOPLASMA IGG IGM
63783,LABYPR3,PROTEINASE 3 ANTIBODY
63785,LABHSVZL,"HSV/VZV PCR QUAL, LESION"
63788,LAB11122R,TOXOPLASMA IGM ELISA
63791,LABUVMA,"VANILLYMANDELIC ACID, URINE"
63793,LAB12418R,SULFONYLUREA HYPOGLYCEMICS PNL
63794,LABDVEHVR,HSV/VZV DFA REFLEX PCR
63798,LABMEARC,MEASLES RAPID CULTURE
63799,LAB12362R,"PARANEOPLASTIC AUTOANTIBODY EVAL, CSF"
63800,LABTOXGM,TOXOPLASMA IGG IGM
63801,LABFBILA,"BILIRUBIN, TOTAL BODY FLUID"
63802,LABYSTK,"POTASSIUM, RANDOM STOOL"
63805,LABVZVIGG,VZ IGG
63806,LABYEBPCR,"EPSTEIN-BARR VIRUS PCR, NON-BLOOD"
63807,LAB12762R,TACROLIMUS
63809,LABMUMPSG,MUMPS IGG
63810,LABEPO,ERYTHROPOIETIN
63812,LAB12578R,"CHLORIDE, 24 HR STOOL"
63813,LABVCULF,"VIRAL CULTURE, FLUID"
63816,LABVZVCSF,"VZV DNA PCR QUAL, CSF"
63817,LAB12352R,NMO EVALUATION WITH REFLEX
63819,LABCSMPBM,"CANCER SOMATIC MUTATION PNL, BM"
63827,LABNPM1,"NPM1, NUCLEOPHOSMIN 1 MUTATION"
63830,LABIDWEE,WORM ID
63833,LAB12050R,RICKETTSIA AB PNL W/RFLX TITER
63842,LABTOXIM,TOXOPLASMA IGM
63845,LABPTEG,"TEG, PERIOPERATIVE"
63846,LABBMNPM1,"NPM1, NUCLEOPHOSMIN 1 MUTATION, BM"
63847,LABLUT,LUTEINIZING HORMONE
63848,LABTOXPCR,TOXOPLASMOSIS PCR
63849,LABADVQL,ADENOVIRUS DNA PCR QUAL
63851,LABMALSC,MALARIA PREP AND ANTIGEN SCREEN
63854,LABFIBANT,FIBRINOGEN ANTIGEN
63857,LABEBVQPB,EBV NPC PCR PANEL
63859,LAB12443R,"NEOCOMPLETE PARANEOPLASTIC PRFL, SERUM"
63860,LABADVQT,ADENOVIRUS DNA PCR QUANT
63863,LABYSTNA,"SODIUM, RANDOM STOOL"
63864,LABVZVQLP,"VZV DNA PCR QUAL, PLASMA"
63870,LABYSTRAB,STRIATIONAL (STRIATED MUSCLE) AB
63872,LABAVRT1,HIV-1 RT-PROTEASE RESISTANCE
63874,LABCIRCAI,CIRCUIT IONIZED CALCIUM
63875,LAB12210R,LIPOPROTN ASSOCTD PHOSPHLPSEA2
63882,LABSSAABY,ANTI-RO ANTIBODY
63884,LAB11312R,"SOLUBLE LIVER AG AB, IGG"
63886,LABHSVQLP,"HSV DNA PCR QUAL, PLASMA"
63888,LABHPVHR2,HPV DNA PROBE HIGH RISK
63890,LABERUPLT,EMERGENCY RELEASE PLT
63893,LABTOXIG,TOXOPLASMA IGG
63897,LABADVQT,ADENOVIRUS DNA PCR QUANT
63900,LABADAQ,"ADENOSINE DEAMINASE, RBC"
63902,LABCFMLPA,CFTR DELETION/DUPLICATION ANALYSIS BY MLPA
63909,LABHSVPAN,HERPES SIMPLEX VIRUS AB PANEL
63912,LABCMVRC,CMV RAPID CULTURE
63918,LAB12721R,"ADENOSINE DEAMINASE, PLEURAL"
63920,LABCSMPB,"CANCER SOMATIC MUTATION PNL, BLOOD"
63923,LABRESPCR,RESPIRATORY VIRUS PCR PANEL
63924,LAB11568R,"BRUCELLA SEROLOGIES, CSF"
63930,LAB12395R,5\'NUCLEOTIDASE
63939,LABSTLCX,STOOL CULTURE
63962,LABYT3UP,T3 UPTAKE
63980,LABHHV6QT,HHV-6 PCR QUANT
63995,LABSALCOR,"CORTISOL, SALIVA"
63998,LABGTT,TRADITIONAL GLUCOSE TOLERANCE
64262,LABSTDY2,STUDY TEST
64264,LABMALL2,MISCELLANEOUS ALLERGEN 2
64474,LAB12333R,KIT MUTATION ANALYSIS EXON 9
64488,LABTHAMP,THERMAL AMPLITUDE SCREEN
64586,LABFUNIDS,FUNGAL ID BY SEQUENCING
64604,LABVCULO,"VIRAL CULTURE, OCULAR"
64623,LABFNKSEN,NATURAL KILLER CELLS ENUMERATION
64655,LAB12505R,"SODIUM, 24-HR STOOL"
64658,LAB12657R,T CELL ACTIVATION
64670,LABYMEM,"MEASLES AB, IGM"
64685,LAB12415R,ACVRL1 AND ENG (HHT)
64695,LAB12548R,"SIROLIMUS, BLOOD (HPLC-MS MS)"
64722,LABEBNABY,EBV NUCLEAR ANTIGEN (EBNA) IGG
64728,LABUAMICR,URINALYSIS MICROSCOPIC ONLY
64756,LAB11188R,M. PNEUMONIAE DNA
64789,LABCFSS,CFTR SCREEN BY SEQUENCING
64814,LAB12507R,IBD SGI DIAGNOSTIC
64821,LAB12723R,"ADENOSINE DEAMINASE, PERITONEAL"
64828,LABFBCRQT,"BCR ABL QUANTITATIVE, FLUID"
64833,LAB12330R,"EVEROLIMUS, BLOOD"
64840,LAB12607R,"N-METHYL-D-ASPARTATE RECEPTOR AB, CSF"
64880,LABMASSTP,MASSIVE TRANSFUSION PEDIATRIC (<50 KG)
65017,LAB11219R,"IODINE,U"
65019,LABHSVIGG,HERPES SIMPLEX VIRUS IGG PANEL
65040,LABADVRC,ADENOVIRUS RAPID CULTURE
65043,LAB12401R,ALKP. PHOSPHATASE ISOENZYMES
65048,LAB12371R,COBALT
65096,LABPSARX,PSA WITH REFLEX FREE PSA
65111,LABD816V,"KIT D816V MUTATION, AS-PCR, BLOOD"
65113,LABBACIDI,"BACTERIA ID BY SEQUENCING, ISOLATE"
65122,LAB12447R,AP SPECIAL STUDIES REVIEW
65151,LABYRAB,RABIES AB TITER CHK ENDPOINT
65167,LABUGLT,"GLUCOSE, URINE (TIMED)"
65186,LABYHPL,HUMAN PLACENTAL LACTOGEN
65188,LAB11173R,IODINE
65221,LABFECFIB,"MEAT FIBERS, FECAL"
65241,LAB12637R,MENINGOCOCCAL AB VACCINE
65264,LAB12328R,AMYLOID PROTEIN IDENTIFICATION
65289,LABCDHPET,"FAMILIAL GASTRIC CANCER, PET"
65332,LAB12585R,"HEPATITIS D RNA, QUAL PCR"
65338,LABTBCR,"BCR - ABL, TISSUE"
65346,LABCDH1,FAMILIAL GASTRIC CANCER I
65347,LAB12017R,"ECHOVIRUS AB, SERUM"
65367,LAB12503R,"POTASSIUM, 24-HR STOOL"
65369,LAB11347R,C-TELOPEPTIDE
65373,LABACHER,ACETYLCHOLINESTERASE
65377,LAB11121R,TOXOPLASMA IGG DYE TEST
65382,LAB11572R,TAY-SACHS ENZYME (LEUKOCYTES)
65393,LABHUNDNA,HUNTINGTON\'S DNA
65409,LABTOXGMR,TOXO PREGNANCY PANEL
65410,LAB11089R,ACID PHOSPHATASE
65417,LABFPOLIO,"POLIOVIRUS 1-3 AB, SERUM"
65425,LAB12320R,THIOCYANATE
65429,LABRUBM,RUBELLA AB IGM
65431,LABAPT,APT TEST FOR FETAL HGB
65434,LAB12494R,"PATH CONSULT, OUTSIDE SLIDE"
65435,LABTFPSA,TOTAL AND FREE PSA
65436,LABSNP,SENSORIMOTOR PROFILE
65439,LABXAMH,ANTI - MULLERIAN HORMONE
65440,LAB12399R,ACETYLCHOLINE MODULATING AB
65443,LABYC2REF,C2 COMPLEMENT AG
65450,LABFABRO,"ARBOVIRUS AB PANEL, IFA (TITER)"
65453,LABCD3F,"CD3, FLUID"
65457,LAB12470R,"STAIN, CONGO RED"
65461,LABYPENTO,PENTOBARBITAL LEVEL
65462,LABYPHOLP,PHOSPHOLIPIDS
65471,LAB12331R,MLH1 HYPERMETHYLATION ANALYSIS
65473,LABCRYEIA,CRYPTOSPORIDIUM EIA
65481,LAB11867R,C3A DESARG FRAGMENT
65482,LAB11004R,HYPERSENS. PNEUMONITIS PNL
65487,LABYBUPRO,"BUPROPION, SERUM"
65492,LABOGTT,GLUCOSE TOLERANCE FOR CYSTIC FIBROSIS
65498,LAB12664R,"NTX TELOPEPTIDE, URINE"
65499,LABAMAONC,ANTI - MALIGNIN AB
65504,LABTOBUNL,TOBRAMYCIN SINGLE DAILY DOSE LEVEL
65507,LABEBVC,EBV VIRAL CAPSID ANTIGEN IGA
65509,LAB12220R,MSUD MUTATION ANALYSIS
65510,LABMALL3,MISCELLANEOUS ALLERGEN 3
65511,LABGDMC,GLUCOSE GDM CONFIRMATION
65514,LABFRPSA,FREE PSA
65518,LAB12043R,IL 5
65526,LAB11021R,ADRENAL AB
65529,LABBMTP2,BMT REPEAT TRANSPLANT PANEL
65536,LAB11116R,FANCONI MUTATION ANALYSIS
65537,LABYSERTR,SERTRALINE LEVEL
65539,LAB11074R,ACH RECEPTOR AB
65548,LAB12059R,R. TYPHI IGG TITER
65550,LABTBP94,TRANSFUSION BLOOD PRODUCT 95
65554,LABYDOC,"11-DEOXYCORTISOL, SERUM"
65563,LAB12332R,KIT MUTATION ANALYSIS EXON 11
65574,LABURED,"REDUCING SUBSTANCE, URINE"
65576,LABQUECORSL,"QUEST - CORTISOL, SERUM LC/MS/MS"
65577,LAB11573R,CONGENITAL CYCLIC NEUTROPENIA
65579,LAB12512R,VON HIPPEL-LINDAU SYNDROME
65583,LABQUEPT,QUEST - PROTHROMBIN TIME (PT)
65586,LAB12228R,LATEX SPECIFIC IGE (RIA) PANEL
65589,LABPHATYR,PHENYLALANINE AND TYROSINE
65593,LAB12279R,CVID CONFIRMATION FLOW PANEL
65594,LABPANAPL,PROCAINAMIDE AND NAPA
65605,LAB12373R,"CARBAMAZEPINE-10,11-EPOXIDE"
65607,LAB11436R,SERM INFLIXIMAB/HACA MEASUREMT
65609,LABBLDCR,BLOOD FOR CREATININE CLEARANCE
65611,LAB12471R,SURGICAL PATHOLOGY CONSULT
65615,LABCAPBG,CAPILLARY BLOOD GAS
65619,LABFCO2,"CO2 (BICARB), FLUID"
65629,LABYNABF,INTERFERON NEUTRALIZING  AB
65632,LABYANDRO,"ANDROSTENEDIONE, SERUM"
65642,LABCMVQL,"CMV DNA PCR QUAL, NON-PLASMA"
65644,LABPALB,PREALBUMIN
65645,LABCMVQT,"CMV DNA PCR QUANT, PLASMA"
65651,LABBACIDS,"BACTERIAL ID BY SEQUENCING, SPECIMEN"
65652,LABCRPLFB,"CRYPTOCOCCAL ANTIGEN LATERAL FLOW, BLOOD"
65653,LABTSLIP,TRANSFUSION SERVICE CALL SLIP (RELEASE BLOOD PRODUCT ONLY)
65654,LABORANER,ORTHOPEDIC ANAEROBIC CULTURE
65655,LABPCCH8,"ISTAT CR, HCT/HB, CL , BUN, NA, K, GLUCOSE, ICA, TCO2"
65657,LABCRCL,CREATININE CLEARANCE
65660,LAB12586R,THIAMIN (VITAMIN B1)
65663,LABORSHOR,ORTHOPEDIC CULT MULT SPECIMENS
65664,LABBXTG,BIOPSY/TISSUE WITH GRAM STAIN
65665,LABDVERTV,"ROTAVIRUS ANTIGEN, STOOL"
65668,LABHITPNL,HEPARIN INDUCED THROMBOCYTOPENIA PANEL
65669,LABCRPLFC,"CRYPTOCOCCAL ANTIGEN LATERAL FLOW, CSF"
65671,LABND816V,"KIT D816V MUT., AS-PCR, NON-BLOOD"
65674,LABPANHGB,HEMOGLOBIN
65680,LAB12631R,VORICONAZOLE LEVEL
65681,LABHSVQL,"HSV DNA PCR QUAL, NON LESION"
65682,LABVZPAN,VZV IGG IGM PANEL
65686,LAB12866R,B HENSELAE IGG TITER
65688,LABDGHBP,DIAG. HEPATITIS B PANEL
65691,LABORAERO,ORTHOPEDIC AEROBIC CULT W/GS
65694,LABDCMVL,DONOR CMV- TOTAL AB
65700,LABHIBCV,"DONOR, HIV-1/HCV/HBV NAT TESTING"
65701,LABPANHCT,HEMATOCRIT
65704,LAB12814R,MYCOPLASMA IGG/IGM AB
65708,LABFIBRO,FIBROSPECT FOR LIVER FIBROSIS
65710,LABFUNIDI,FUNGAL ID BY SEQUENCING FROM ISOLATE
65711,LAB12817R,"DONOR, HCV AB SCREEN W/RFLX"
65712,LABHHV6QL,HHV-6 DNA PCR QUAL
65716,LABXIGF1,PEDIATRIC IGF-1
65718,LABDHIVAB,"DONOR,HIV-1/HIV-2 AB SCN W/RFL"
65719,LABVZVQL,"VZV DNA PCR QUAL, NON LESION"
65721,LAB12811R,"MYOGLOBIN, URINE"
65722,LABFUNIDS,FUNGAL ID BY SEQUENCING FROM SPECIMEN
65723,LABHITIA,HIT FUNCTIONAL ASSAY
65727,LABTOXPCR,TOXOPLASMA PCR
65728,LABLEGDD,"LEGIONELLA CULTURE, D AND D"
65729,LAB13002R,COCCIDIOIDES AB IMMUNODIFF CSF
65732,LAB12781R,BRUCELLA ANTIBODIES
65735,LABYUOXAL,"OXALATE, 24-HOUR/TIMED URINE"
65740,LAB12808R,CK ISOENZYME WITH REFLEX
65741,LAB11199R,"PARANEOPLASTIC AUTOANTIBODY EVAL, SERUM"
65746,LABEBVQL,EBV DNA PCR QUAL
65747,LABDHBCAB,"DONOR, HEP B CORE TOTAL AB"
65752,LABRUBG,RUBELLA IGG ANTIBODY
65757,LAB11401R,HALIBUT IGE
65758,LAB12643R,BRUTON\'S TYROSINE KINASE (BTK)
65759,LABERUCRY,EMERGENCY RELEASE CRYO
65771,LABIBD,ANCA IBD WITH REFLEX
65777,LAB10545R,HLA - CD31 TESTING SUMMARY
65780,LAB11577R,ALAGILLE (JAG1) MUTATION
65785,LABCYLEX,IMMUNE CELL FUNCTION (CYLEX)
65786,LABYOSTEO,OSTEOCALCIN HUMAN
65796,LABBMPTP,BMT PRETRANSPLANT PANEL
65799,LABMECAPC,MECA BY PCR
65800,LAB12810R,"ELECTROLYTE & OSMO PNL, FECES"
65804,LAB12809R,CK ISOENZYME ELECTROPHORESIS
65807,LABECHIG,"ECHINOCOCCUS AB, IGG W/REFLEX"
65808,LAB11032R,PSEUDOCHOLINESTERASE
65811,LABFHV12,"HSV 1/2 PCR, NON CSF"
65813,LABSTUDY,RESEARCH LAB KIT
65814,LABDRPRS,DONOR SYPHILIS SCREEN
65815,LABPALL,PROCAINAMIDE
65817,LAB12815R,LYME DISEASE AB IGG IGM W/RFLX
65818,LAB12790R,CYSTATIN C WITH ESTIMATED GFR
65819,LABCDMLPA,CDH1 MLPA
65822,LAB13000R,AMINOLEVULINIC ACID 24HR UR
65823,LAB12711R,S PNEUMONIAE AB IGG (23 SEROTYPES)
65828,LAB12798R,CALPROTECTIN
65829,LABLCMETB7,LABCORP - BASIC METABOLIC PANEL (7)
65831,LAB11365R,FAMILIAL HIBERNIAN FEVER/TRAPS
65833,LAB12845R,"VMA AND HVA, PEDIATRIC, URINE"
65835,LABPANWBC,WBC COUNT
65837,LABMUMRC,MUMPS RAPID CULTURE
65838,LAB12836R,ETHYLENE GLYCOL
65842,LABDCMVAB,"DONOR, CMV TOTAL ANTIBODIES"
65843,LAB12689R,"INFLIXIMAB, SERUM LEVEL AND AB"
65844,LABYLCFA,FATTY ACID PROF PEROXIDASE (C22 - C26)
65847,LAB11034R,ETHOSUXIMIDE LEVEL
65849,LAB12813R,"PARVOVIRUS B19 AB, IGG"
65851,LABLCESRP,LABCORP - SEDIMENTATION RATE-WESTERGREN
65853,LAB13008R,Q FEVER IGG PHASE II TITER
65855,LABCLAMP,CHLAMYDIA AB PANEL
65857,LABFUNAB,FUNGAL DISEASE AB PANEL
65858,LAB11591R,"ARSENIC, HAIR"
65860,LAB12023R,MYCOPLASMA PNEUMONIA IGG AB
65865,LABTOXATP,"TOXO AB TRANSPLANT PNL, SERUM"
65866,LABBTDASE,BIOTINIDASE
65868,LAB12095R,"DARUNAVIR,ANTIRETROVIRAL LEVEL"
65872,LABSF3B1,SF3B1 MUTATION ANALYSIS
65878,LABVCULU,"VIRAL CULTURE, URINE"
65883,LABDBGT,DABIGATRAN
65890,LAB12599R,DILATED CARDIOMYOPATHY PANEL
65897,LABQUECU24H,"CREATININE, URINE/24 HR (QUEST)"
65903,LABALLMC,"INHALANT ALLERGY PANEL, SHC, MENLO"
65910,LABFLDS,FLUID STERILITY TEST
65915,LABHELPM,HELICOBACTER PYLORI IGM AB
65918,LABDRPR,"DONOR, RPR W/RFL TO SYPH IGG"
65919,LAB12645R,"COMPLEMENT, ALTERNATE PATHWAY"
65920,LAB12733R,ALPHA-2 PLASMIN INHIBITOR
65921,LAB11528R,PERIPHERAL NEUROPATHY AB SCN
65925,LAB12580R,CU INDEX PANEL
65927,LAB12774R,MOTOR NEUROPATHY AB SCREEN
65928,LAB12651R,HYPERTROPHIC CARDIOMYOPATHY PAN
65936,LABYLEPTN,LEPTIN
65938,LABMYD88,MYD88 MUTATION ANALYSIS
65942,LAB12772R,ENCEPHALITIS AB SCREEN
65954,LABPAI1AG,PAI-1 AG
65959,LAB11554R,"S-SULFOCYSTEINE, URINE"
65961,LAB13009R,Q FEVER IGM PHASE I TITER
65973,LABHSP70,ANTI - 68 KD (HSP - 70) ANTIBODIES
65978,LAB11375R,OSTEOGENESIS IMPERFECTA SEQUEN
65980,LABBCAA,BRANCHED CHAIN AMINO ACIDS
65983,LABCMVAV,CMV IGG AVIDITY
65984,LABLEGS,LEGIONELLA SEROLOGY
65985,LAB11592R,"COPPER, TISSUE"
65990,LAB11590R,FREE FATTY ACIDS
65993,LABLCUR24,"URIC ACID, 24 HOUR URINE (LABCORP)"
65999,LAB13010R,Q FEVER IGM PHASE II TITER
66001,LAB11195R,"N-TELOPEPTIDE, CROSS-LINKED"
66006,LAB11217R,"IRON,LIVER TISSUE"
66008,LAB12055R,RMSF IGG TITER
66010,LAB12581R,S PNEUMONIAE AB IGG (PREVNAR 13)
66011,LABPANANC,"NEUTROPHIL COUNT, ABSOLUTE"
66020,LAB12761R,HEPATITIS B VIRUS GENOTYPE
66021,LAB12584R,TIAGABINE CONCENTRATION
66024,LAB11599R,GANICICLOVIR
66025,LAB12582R,LYMPH MITOGEN AND ANTIGEN SCRN
66030,LABSULFAT,SULFATIDE AUTOANTIBODY
66033,LAB11533R,SENSORIMOTOR SCREEN AB
66037,LAB12802R,HEPARIN COFACTOR
66040,LABPOLYNS,NASAL SMEAR FOR PMN
66043,LABAFCT,"CELL CT & DIFF, APHERESIS FLD"
66044,LABNSF3B1,"SF3B1 MUTATION ANALYSIS, NON-BLOOD"
66045,LAB13007R,Q FEVER IGG PHASE I TITER
66055,LABPANPLT,PLATELET COUNT
66058,LABDHBAG,"DONOR, HEP B SURFACE AG"
66062,LABBLCTIP,BLOOD CULT CENTRAL LINE CATHETER BY NURSE
66063,LABRF,RHEUMATOID FACTOR
66064,LABSTLCP,STOOL CULTURE
66065,LABYEPIAB,CUTANEOUS IMMUNOFLUOR AB
66066,LABVANUNL,VANCOMYCIN SINGLE DAILY LEVEL
66069,LABHCHGA,HEMOCHROMATOSIS GENOTYPING ANALYSIS
66070,LAB12796R,FLUCONAZOLE
66076,LABYERYTH,"ERYTHROPOIETIN, SERUM"
66077,LABTESFBT,"TESTOSTERONE, TOTAL, BIO, FREE"
66079,LABFENTP,ENTEROVIRUS PANEL II
66083,LABHPVHRT,HPV HIGH RISK-16/18 REFLEX
66084,LAB12838R,INSULIN-LIKE GROWTH FACTOR 1
66085,LABHCVPCX,HEPATITIS C (HCV) PCR WITH REFLEX TO GENOTYPING
66088,LABHCVGTP,HEPATITIS C (HCV) GENOTYPE
67222,LAB1(Result),REFERENCE LAB(LAB1) (Result)
67321,LAB2(Result),REFERENCE LAB(LAB2) (Result)
67960,LAB3(Result),REFERENCE LAB(LAB3) (Result)
67976,LAB7(Result),REFERENCE LAB(LAB7) (Result)
68268,LABAVRT,HIV GENO EXPR ANTIVIR RESIST
68279,LABINFO,MICROBIOLOGY INFORMATION ONLY
68318,LABCENABY,CENTROMERE ANTIBODIES
68319,LABYEBPCR,"EPSTEIN-BARR VIRUS PCR, CSF"
68389,LABYUNTX,"TELOPEPTIDE, URINE"
68398,LABYANRNP,"RNP AB, IGG"
68411,LABYMERC,"MERCURY, BLOOD"
68520,LAB11138R,HIV PHENO EXPR ANTIVIR RESIST
68543,LABYCYSTC,"CYSTATIN C, SERUM / PLASMA"
68729,LAB11022R,ISLET CELL AB
68789,LABYPERAB,BORDETELLA PERTUSSIS IGG AND IGM AB
68865,LABYDISO,"DISOPYRAMIDE, SERUM"
68880,LABYAMPHB,AMPHOTERICIN B
68907,LABPBXTG,AUTOPSY BX/TISSUE/GENERAL
68922,LABYTICK,COLORADO TICK FEVER AB
68985,LAB11429R,"PTERINS, URINE/BLOOD"
69013,LABTBP97,TRANSFUSION BLOOD PRODUCT 98
69024,LABFT1114,"T(11;14) BY PCR, FLUID"
69037,LABTBP99,TRANSFUSION BLOOD PRODUCT 100
69075,LABTBP98,TRANSFUSION BLOOD PRODUCT 99
69076,LABDNAISO,"NUCLEIC ACID ISOLATION, DNA"
69188,LABPLAG,PLAGUE AB
69189,LAB11596R,"LYMPHO PROLIFERATION, AG"
69257,LABPANAPL,PROCAINAMIDE AND NAPA
69305,LAB11604R,IL 5
69307,LABDVEPI3,PARA 3 DFA
69359,LABSHSV,HSV SHELL VIAL CULTURE
69360,LABTBP95,TRANSFUSION BLOOD PRODUCT 96
69361,LABEXCHTX,EXCHANGE TRANSFUSION
69375,LABDVEPI2,PARA 2 DFA
69395,LAB11254R,M AVIUM COMPLEX MIC PANL
69397,LAB11031R,HER 2
69425,LABCLOMIP,CLOMIPRAMINE AND METABOLITE
69436,LAB11869R,"HEPATITIS C VIRUS RNA, QUAL"
69561,LABITCH,FOOD ALLERGY SCREEN
69564,LABYESTRN,"ESTRONE, SERUM"
69665,LAB11443R,NF-1 DNA TESTING COMP TEST 1
69699,LABTBP96,TRANSFUSION BLOOD PRODUCT 97
69706,LABTBP100,TRANSFUSION BLOOD PRODUCT 101
69721,LABYUCADM,"CADMIUM, URINE"
69989,LAB4(Result),REFERENCE LAB(LAB4) (Result)
70666,LAB6(Result),REFERENCE LAB(LAB6) (Result)
70934,LABS1(Result),REFERENCE LAB (LABS1) (Result)
71177,LAB5(Result),REFERENCE LAB(LAB5) (Result)
72801,LABS2(Result),REFERENCE LAB (LABS2) (Result)
